date,BlueIsland_2m,BlueIsland_5m,BlueIsland_10m,Ingomar_2m,Ingomar_5m,Ingomar_10m,Ingomar_15m,McNuttsIsland_2m,McNuttsIsland_5m,McNuttsIsland_10m,McNuttsIsland_15m,McNuttsIsland_20m,TaylorsRock_2m,TaylorsRock_5m,TaylorsRock_10m,TaylorsRock_15m,TaylorsRock_20m
2018-05-15,8.634,7.762,6.811,7.664,6.993,6.22,5.637,6.504,6.295,5.991,5.737,4.492,7.141,6.778,6.217,5.922,5.871
2018-05-16,9.009,7.564,6.215,7.347,6.636,5.912,5.39,7.222,6.786,6.184,5.737,4.42,6.98,6.595,6.05,5.732,5.449
2018-05-17,8.074,7.188,6.466,7.621,7.072,6.544,6.034,7.828,7.398,6.245,5.606,4.322,7.346,6.994,6.574,6.328,6.092
2018-05-18,8.441,7.328,6.099,7.993,7.554,7.025,6.501,8.065,7.444,6.599,5.952,4.644,7.312,7.033,6.523,6.207,5.757
2018-05-19,7.649,6.877,6.142,8.18,7.809,7.421,6.901,7.883,7.127,5.962,5.392,4.141,7.667,7.398,7.056,6.856,6.507
2018-05-20,8.082,7.681,7.039,8.556,8.183,7.406,6.688,7.302,6.725,5.845,5.598,4.373,7.666,7.542,7.239,6.886,6.61
2018-05-21,8.571,7.653,6.779,8.404,7.307,5.634,4.955,7.261,6.624,5.652,5.296,4.049,7.382,6.728,5.544,5.016,4.883
2018-05-22,8.922,7.265,6.167,8.38,6.934,6.065,5.49,7.03,6.164,5.559,5.219,3.938,7.433,6.636,5.777,5.373,5.112
2018-05-23,8.388,6.944,6.015,8.658,7.572,6.378,5.783,6.911,6.367,5.631,5.004,3.683,7.333,6.969,6.488,6.214,5.823
2018-05-24,7.53,6.311,5.458,8.401,6.87,5.815,5.231,8.254,7.088,5.596,5.145,3.832,7.237,6.931,6.377,5.818,5.372
2018-05-25,7.888,7.625,6.444,8.031,7.503,6.366,5.562,5.847,5.248,4.559,4.428,3.199,7.186,6.94,6.273,5.828,5.617
2018-05-26,8.204,7.179,5.538,7.757,6.313,4.867,4.168,5.843,5.058,4.303,4.222,2.976,7.038,6.139,5.131,4.785,4.79
2018-05-27,8.405,5.914,5.034,6.872,5.74,5.262,4.678,8.07,7.532,6.381,5.005,3.692,6.444,6.124,5.525,5.253,5.096
2018-05-28,7.331,6.831,5.692,6.928,6.897,6.78,6.314,8.014,7.569,6.255,5.633,4.318,7.164,7.068,6.874,6.757,6.556
2018-05-29,7.306,6.935,6.174,8.072,7.626,7.276,6.758,7.636,7.092,6.363,5.807,4.472,7.713,7.494,7.169,7.035,6.96
2018-05-30,7.702,7.133,6.309,8.834,8.249,7.568,6.957,8.067,7.227,6.23,5.8,4.558,8.028,7.761,7.171,6.739,6.256
2018-05-31,8.242,7.676,6.811,9.071,8.401,7.202,6.55,7.053,6.348,5.764,5.574,4.348,8.312,7.916,7.178,6.623,6.403
2018-06-01,9.185,8.46,6.86,9.364,7.788,6.421,5.779,6.898,6.244,5.772,5.599,4.376,8.328,7.591,6.781,6.302,5.943
2018-06-02,9.931,8.514,6.519,9.079,7.653,6.122,5.572,7.204,6.607,5.9,5.647,4.417,8.272,7.379,6.467,5.808,5.396
2018-06-03,7.56,7.404,6.477,8.446,7.729,7.363,6.84,8.338,8.103,7.562,6.526,5.148,7.841,7.611,7.189,6.767,6.085
2018-06-04,7.868,7.755,6.662,7.939,7.88,7.808,7.359,8.279,7.825,6.981,6.494,5.201,7.889,7.784,7.616,7.484,7.219
2018-06-05,8.532,8.579,8.453,8.178,8.151,8.111,7.674,8.184,8.159,8.004,7.981,6.836,7.806,7.765,7.713,7.714,7.799
2018-06-06,8.579,8.54,8.288,8.769,8.689,8.618,8.169,8.636,8.615,8.493,8.494,7.353,8.687,8.6,8.468,8.34,8.185
2018-06-07,8.867,8.852,8.653,9.198,8.989,8.869,8.415,8.779,8.711,8.589,8.555,7.412,9.072,8.905,8.796,8.719,8.599
2018-06-08,9.644,9.55,9.455,9.868,9.55,9.161,8.658,9.069,8.993,8.784,8.699,7.569,9.381,9.199,8.98,8.847,8.895
2018-06-09,10.545,10.198,9.789,10.885,10.335,9.385,8.686,9.717,9.301,8.851,8.708,7.567,9.705,9.329,9.019,8.858,8.906
2018-06-10,10.808,9.82,9.247,10.87,10.037,8.893,8.285,10.547,9.561,8.606,8.513,7.378,9.785,9.507,8.899,8.511,8.415
2018-06-11,10.512,9.666,8.808,10.613,10.053,9.297,8.608,10.928,10.013,8.805,8.575,7.416,9.751,9.485,8.934,8.625,8.371
2018-06-12,11.055,10.76,9.73,10.533,10.303,9.539,8.831,9.615,9.127,8.451,8.022,6.799,9.671,9.38,8.944,8.596,8.431
2018-06-13,11.339,11.052,9.189,10.016,9.548,7.896,6.996,8.252,7.45,6.457,6.088,4.854,8.966,8.454,7.223,6.355,5.835
2018-06-14,9.898879999999998,9.754,6.292,8.468,7.355,5.624,4.956,8.898,8.021,6.616,5.909,4.583,8.244,7.383,6.018,5.435,5.188
2018-06-15,8.975909999999999,8.078,6.686,8.519,7.707,6.955,6.363,9.888,9.568,7.776,6.122,4.797,7.623,7.058,6.325,5.891,5.399
2018-06-16,8.71437,8.206,7.254,9.146,8.347,7.514,6.952,9.037,7.802,6.485,5.716,4.449,7.954,7.412,6.809,6.364,6.072
2018-06-17,9.81799,8.802,7.288,9.209,8.482,7.744,7.187,9.548,8.358,6.87,6.328,5.103,8.274,7.714,7.189,6.814,6.291
2018-06-18,9.37473,8.345,7.474,9.674,9.476,9.086,8.524,9.127,8.398,7.404,6.824,5.602,8.772,8.549,8.263,7.895,7.217
2018-06-19,10.69095,9.516,8.754,9.795,9.25,7.797,6.748,7.987,7.385,6.506,6.335,5.147,8.823,8.034,6.505,5.735,5.431
2018-06-20,9.203370000000001,8.702,7.281,9.817,8.577,7.493,6.877,9.472,8.45,7.402,6.831,5.567,7.387,6.562,5.897,5.366,4.883
2018-06-21,9.16841,9.453,7.579,9.542,8.641,7.512,6.813,8.042,7.149,6.362,6.017,4.775,7.776,7.25,6.788,6.439,6.004
2018-06-22,8.660409999999997,7.993,6.482,9.279,8.212,6.996,6.297,8.247,7.178,6.479,6.117,4.835,8.043,7.438,6.717,6.308,5.956
2018-06-23,9.117790000000003,8.407,6.762,9.916,8.575,7.526,6.955,8.365,7.582,6.553,5.77,4.487,8.819,8.262,7.698,7.189,6.76
2018-06-24,9.520469999999994,8.104,6.879,10.014,9.28,7.976,7.34,8.985,7.788,6.702,5.851,4.559,9.603,8.922,7.969,7.332,6.865
2018-06-25,10.319529999999995,8.271,6.692,10.769,9.449,7.677,7.005,9.542,7.817,6.306,5.623,4.387,9.188,8.391,7.246,6.457,6.122
2018-06-26,9.83388,8.052,6.203,10.051,9.617,8.651,7.887,10.088,8.473,6.433,5.803,4.598,9.378,9.068,8.517,7.732,6.893
2018-06-27,9.464930000000003,8.318,7.233,10.322,9.679,8.342,7.509,8.501,7.434,6.429,6.202,5.015,9.804,9.177,8.048,7.151,6.54
2018-06-28,10.749020000000003,9.943,8.613,9.843,8.806,7.373,6.683,7.414,6.904,6.34,6.191,4.998,8.86,8.0,6.713,6.039,5.564
2018-06-29,9.07811,10.447,9.655,9.411,8.51,7.39,6.706,7.892,7.731,7.305,6.924,5.703,8.041,7.56,6.988,6.625,6.224
2018-06-30,9.394869999999997,9.851,7.359,10.005,8.336,7.267,6.669,8.628,8.028,7.497,6.939,5.688,8.212,7.336,6.505,5.969,5.634
2018-07-01,9.23899,9.515,7.47,9.926,8.305,7.428,6.843,8.677,8.164,7.505,6.544,5.173,8.037,7.486,6.86,6.415,6.132
2018-07-02,10.002150000000002,8.517,7.012,10.079,8.834,7.698,7.117,9.17,8.523,7.509,6.324,5.01,8.518,8.146,7.51,7.125,6.772
2018-07-03,10.922689999999998,9.244,7.776,11.198,9.48,8.422,7.817,9.38,8.592,7.263,6.419,5.103,9.26,8.731,8.149,7.713,7.173
2018-07-04,11.049019999999993,10.476,8.211,11.362,9.567,8.172,7.417,8.584,7.808,6.94,6.532,5.305,10.183,8.953,7.629,6.778,6.29
2018-07-05,10.192109999999998,9.014,7.176,11.168,8.742,7.539,6.903,8.397,7.715,6.911,6.556,5.347,9.335,8.278,6.799,6.154,5.779
2018-07-06,11.081230000000005,10.136,7.363,9.997,8.827,7.563,6.865,7.093,6.836,6.373,6.049,4.815,8.986,8.248,7.222,6.283,5.767
2018-07-07,9.144940000000002,6.355,6.124,10.312,8.931,6.436,5.758,9.299,7.513,5.663,5.443,4.208,8.85,7.292,5.781,5.239,4.992
2018-07-08,8.547270000000003,7.859,6.314,10.055,8.797,7.137,6.424,7.407,6.335,5.464,5.326,4.086,8.214,7.363,6.342,5.742,5.317
2018-07-09,9.692209999999996,8.171,6.201,10.252,8.748,7.166,6.446,6.446,6.056,5.417,5.173,3.949,8.605,7.955,7.076,6.56,6.1
2018-07-10,9.924279999999996,8.573,6.253,9.652,8.411,6.881,6.176,6.301,5.904,5.393,5.215,3.982,8.746,7.934,6.395,5.754,5.553
2018-07-11,9.544640000000001,8.003,6.152,9.18,8.075,6.844,6.228,7.375,6.559,5.744,5.332,4.065,8.416,7.533,6.347,5.676,5.274
2018-07-12,8.419070000000003,7.197,6.246,9.215,8.018,7.046,6.469,8.773,7.514,6.2,5.589,4.296,9.396,8.621,7.53,6.896,6.473
2018-07-13,9.300479999999999,7.649,6.417,9.647,8.672,7.943,7.364,9.2,7.697,6.097,5.47,4.206,10.682,9.716,8.502,7.618,7.032
2018-07-14,10.888949999999996,8.966,6.789,10.299,9.883,9.268,8.644,12.458,9.121,6.884,6.118,4.842,10.877,10.144,9.41,8.31,6.827
2018-07-15,10.554259999999998,9.651,8.497,11.148,10.786,10.196,9.572,10.754,9.725,8.72,7.825,6.57,11.326,10.706,9.885,9.005,8.017
2018-07-16,12.958609999999997,12.295,11.143,12.008,11.065,10.009,9.242,11.402,10.516,9.58,8.987,7.778,11.593,10.373,8.95,7.771,6.774
2018-07-17,13.77312999999999,13.235,10.631,12.092,10.936,9.876,9.251,10.734,10.037,9.321,8.853,7.594,11.039,9.877,8.658,7.628,6.576
2018-07-18,14.32723999999999,13.412,10.054,11.984,11.114,9.828,9.133,10.517,10.0,9.072,8.158,6.855,10.564,9.9,8.803,7.919,7.178
2018-07-19,12.36043,10.938,8.187,11.864,10.735,9.164,8.495,11.711,10.34,8.844,7.727,6.387,10.573,9.472,8.258,7.486,6.825
2018-07-20,12.408040000000005,10.448,8.79,12.444,10.906,9.29,8.565,11.52,10.066,8.282,7.072,5.741,11.47,10.495,9.437,8.567,7.495
2018-07-21,12.660320000000006,10.542,8.545,12.866,11.784,9.496,8.662,12.435,10.646,8.672,7.739,6.471,12.279,11.372,9.56,8.438,7.417
2018-07-22,13.313310000000007,12.219,9.823,13.233,11.981,10.312,9.525,11.709,10.57,9.106,8.47,7.201,12.401,10.995,9.367,8.444,7.624
2018-07-23,13.702320000000002,12.795,11.036,13.984,12.377,10.516,9.856,12.637,11.281,10.239,9.479,8.233,12.303,11.453,10.315,9.264,8.076
2018-07-24,14.243639999999997,13.212,11.06,14.496,12.454,10.538,9.896,13.061,11.979,10.858,9.895,8.615,13.202,12.257,11.216,10.351,9.051
2018-07-25,14.68766,13.771,10.469,14.466,12.893,11.192,10.556,12.966,12.153,11.205,10.339,8.929,14.181,13.098,11.756,10.97,9.624
2018-07-26,15.439089999999995,14.683,11.608,14.755,13.405,11.866,11.21,12.686,12.214,11.355,9.616,8.151,13.661,12.887,11.73,10.469,9.237
2018-07-27,15.69009,15.444,9.77,14.597,13.219,10.504,9.635,12.456,11.543,9.547,8.523,7.255,13.193,11.635,9.522,8.353,7.715
2018-07-28,14.40679000000001,11.898,8.615,13.302,11.142,9.253,8.551,12.055,10.772,8.75,7.563,6.28,11.761,10.278,8.936,8.154,7.516
2018-07-29,13.284410000000003,11.081,8.84,13.375,11.079,9.519,8.899,11.685,9.771,7.928,7.317,6.062,11.957,10.757,9.415,8.612,7.757
2018-07-30,12.101769999999998,9.405,8.08,13.072,10.714,8.898,8.229,9.746,8.699,7.673,7.174,5.94,11.597,9.997,8.643,7.546,6.746
2018-07-31,10.928879999999994,9.682,7.97,11.977,10.334,8.716,8.012,8.773,8.001,7.358,6.897,5.649,10.565,9.315,7.956,7.138,6.541
2018-08-01,10.383519999999994,9.073,7.593,12.288,9.839,8.302,7.626,8.656,8.039,7.282,6.76,5.485,10.115,9.207,7.911,7.191,6.578
2018-08-02,10.671779999999996,9.901,7.767,11.531,10.201,8.393,7.572,8.305,7.738,7.117,6.369,5.06,10.541,9.701,8.293,7.382,6.563
2018-08-03,10.414099999999994,8.776,7.377,11.748,10.132,7.066,6.326,8.12,7.543,6.654,5.937,4.644,10.111,8.537,6.832,6.2,5.881
2018-08-04,10.04697,8.558,7.171,11.099,8.191,7.126,6.502,7.496,7.062,6.619,5.808,4.478,8.947,7.857,7.301,6.296,6.053
2018-08-05,9.732059999999999,8.212,6.769,10.563,8.948,7.617,6.97,7.55,7.003,6.378,5.659,4.36,8.598,7.993,7.258,6.642,6.043
2018-08-06,9.05554,7.689,6.668,11.241,8.878,7.29,6.636,8.308,7.451,6.289,5.623,4.323,8.499,7.703,7.109,6.711,6.209
2018-08-07,9.950870000000002,8.401,6.957,10.831,8.908,7.646,6.96,7.27,6.608,5.908,5.525,4.292,8.902,7.971,7.132,6.741,6.328
2018-08-08,9.863419999999998,8.557,6.761,10.27,8.932,7.456,6.775,7.158,6.599,6.004,5.71,4.487,9.055,8.134,7.01,6.591,6.053
2018-08-09,9.34214,8.034,6.608,9.844,8.363,7.149,6.472,7.339,6.707,6.14,5.767,4.526,9.151,8.257,7.26,6.782,6.452
2018-08-10,8.814890000000002,7.919,6.988,9.713,8.684,7.447,6.786,7.54,6.963,6.163,5.828,4.601,9.107,8.368,7.489,6.886,6.315
2018-08-11,8.961389999999996,7.566,6.883,10.145,8.468,7.37,6.785,8.235,7.176,6.33,5.949,4.733,8.679,7.898,7.111,6.668,6.169
2018-08-12,8.73695,7.65,7.028,9.695,8.694,7.916,7.351,8.317,7.317,6.458,6.099,4.886,8.663,8.033,7.405,6.975,6.412
2018-08-13,8.780900000000008,7.623,7.024,10.096,9.43,8.625,8.05,8.815,7.887,6.939,6.53,5.338,8.946,8.359,7.776,7.301,6.829
2018-08-14,9.943220000000007,8.506,7.622,10.681,10.196,9.563,8.942,8.996,8.073,7.244,6.847,5.671,9.672,9.046,8.439,7.996,7.49
2018-08-15,10.351200000000004,9.363,8.361,11.244,10.467,9.537,8.883,8.86,8.143,7.422,7.138,5.967,9.742,9.07,8.298,7.752,7.206
2018-08-16,10.764759999999999,9.76,8.655,11.57,10.317,9.115,8.461,9.295,8.497,7.682,7.375,6.199,9.538,8.713,7.94,7.581,7.12
2018-08-17,10.763859999999996,9.309,8.438,11.484,9.876,8.8,8.244,9.194,8.632,7.968,7.598,6.426,9.36,8.625,8.025,7.526,7.126
2018-08-18,10.579459999999997,9.508,8.59,11.242,10.103,9.103,8.478,9.449,8.802,7.927,7.538,6.303,9.614,9.294,8.869,8.543,8.19
2018-08-19,11.134060000000002,10.046,8.188,11.383,10.535,8.781,8.04,10.141,9.058,7.878,7.588,6.391,9.462,9.073,8.392,7.839,7.175
2018-08-20,11.540040000000008,10.236,8.655,12.046,10.806,9.793,9.037,12.558,10.98,8.763,8.075,6.912,13.136,12.276,11.527,10.817,9.071
2018-08-21,12.132119999999997,11.493,10.299,12.868,12.62,12.042,11.392,12.606,11.722,10.981,10.307,9.102,15.571,14.744,13.023,11.434,9.304
2018-08-22,14.680700000000012,14.506,13.553,13.175,12.706,11.823,11.199,13.525,13.021,12.442,11.667,10.576,15.307,14.087,12.397,10.838,9.795
2018-08-23,16.23316,16.858,16.105,13.816,13.377,12.611,12.031,14.764,14.417,13.813,13.107,11.93,14.013,13.245,12.345,11.588,10.879
2018-08-24,16.426110000000005,16.637,11.207,15.004,14.105,13.18,12.623,15.129,14.328,13.217,11.347,9.888,14.421,13.649,12.627,11.982,11.193
2018-08-25,15.558590000000002,14.931,11.647,15.475,14.416,13.333,12.707,14.998,13.969,12.186,10.023,8.601,14.916,14.225,12.959,12.039,10.725
2018-08-26,14.924950000000006,13.832,11.851,15.342,14.374,13.338,12.714,15.098,14.311,12.481,10.513,9.189,15.434,14.715,13.253,11.984,9.631
2018-08-27,14.8337,14.395,12.69,15.33,14.43,13.172,12.388,14.78,14.07,12.579,11.222,10.019,15.459,14.618,13.063,11.653,9.915
2018-08-28,15.680249999999992,15.05,12.684,15.696,14.05,12.338,11.556,14.346,13.01,11.963,11.252,10.032,14.722,13.415,11.557,10.48,9.57
2018-08-29,15.74798999999999,14.856,11.328,15.806,13.926,11.905,11.202,13.2,12.473,11.702,10.831,9.518,14.296,13.03,11.477,10.083,9.119
2018-08-30,15.112199999999996,14.522,10.826,14.947,12.94,11.537,10.787,12.779,12.066,11.135,9.738,8.413,13.688,12.261,10.386,9.399,8.647
2018-08-31,14.370690000000003,12.538,9.581,15.118,13.447,11.719,11.059,15.226,13.332,11.204,9.215,7.895,13.712,12.833,11.208,10.056,8.922
2018-09-01,15.158480000000006,14.055,10.676,15.235,14.559,13.118,12.282,15.455,13.624,11.111,9.549,8.325,14.594,13.653,12.321,11.344,9.529
2018-09-02,15.779030000000002,15.129,12.49,16.014,15.176,13.562,12.633,15.449,13.992,12.138,10.812,9.548,15.197,14.307,12.549,11.241,9.398
2018-09-03,16.829170000000005,16.204,14.761,16.25,15.004,13.257,12.435,15.292,14.654,13.891,12.725,11.436,15.87,14.854,12.286,11.59,9.678
2018-09-04,16.990190000000002,17.095,13.519,16.277,15.35,13.504,12.788,15.63,14.779,14.084,12.373,10.829,15.584,14.541,12.862,11.105,9.969
2018-09-05,17.08113999999999,16.316,12.57,16.975,15.584,13.787,12.95,16.007,14.931,13.736,11.104,9.446,16.074,14.94,13.264,11.984,10.583
2018-09-06,16.977369999999997,16.546,12.775,16.957,16.144,13.772,12.998,15.517,14.255,11.987,9.846,8.471,15.917,14.602,13.094,11.276,10.015
2018-09-07,16.020609999999984,14.918,10.109,15.803,14.762,12.47,11.567,15.793,13.858,10.835,9.026,7.617,14.891,13.458,10.148,9.969,8.537
2018-09-08,15.31994000000002,13.383,10.962,15.597,14.83,13.423,12.671,15.78,13.728,10.661,8.949,7.662,14.886,13.934,12.595,10.88,9.448
2018-09-09,14.903800000000016,13.6,10.468,14.901,14.445,13.646,12.922,15.604,14.284,11.979,9.854,8.547,14.827,14.014,13.268,11.235,9.642
2018-09-10,16.259090000000004,16.202,13.084,15.111,14.972,14.856,14.42,15.323,14.846,14.213,12.76,11.489,15.295,14.907,14.422,13.595,11.696
2018-09-11,17.31366999999999,17.711,16.791,16.371,16.239,16.149,15.709,17.115,16.942,16.78,16.398,15.39,15.62,15.436,15.32,15.1,14.559
2018-09-12,17.44279999999998,18.192,18.113,17.097,16.87,16.709,16.276,17.531,17.389,17.22,16.737,15.493,16.527,16.194,15.876,15.486,14.276
2018-09-13,17.548729999999974,18.363,16.203,18.028,17.742,17.508,17.044,17.595,17.369,17.073,15.744,14.054,17.552,17.089,16.731,16.123,14.517
2018-09-14,17.54654999999998,18.225,16.492,18.287,18.064,17.82,17.316,17.689,17.478,17.096,15.618,14.151,18.059,17.768,17.356,16.864,15.158
2018-09-15,17.555889999999977,18.29,16.849,18.568,18.365,18.063,17.572,17.864,17.62,17.053,16.019,14.724,18.402,18.139,17.819,17.238,15.232
2018-09-16,17.569579999999977,18.199,15.901,18.428,18.268,17.84,17.31,18.033,17.714,16.765,15.175,13.836,18.29,17.981,16.997,15.796,13.528
2018-09-17,17.56695999999998,18.026,15.077,18.474,18.22,17.281,16.573,17.675,17.083,15.743,13.825,12.383,17.778,17.187,15.876,14.527,12.624
2018-09-18,17.452639999999988,17.827,12.024,18.051,17.287,15.03,14.222,16.925,15.699,13.982,12.247,10.838,17.088,15.856,13.747,12.272,10.776
2018-09-19,17.548599999999976,17.473,12.968,17.099,16.444,14.841,13.876,17.893,17.464,16.139,12.74,11.543,16.504,15.784,14.65,12.463,11.015
2018-09-20,17.487559999999974,17.324,16.224,18.367,18.221,17.759,17.153,18.284,18.153,18.016,17.522,16.492,18.07,17.893,17.826,17.206,15.396
2018-09-21,17.538959999999975,17.915,17.373,18.474,18.38,18.271,17.822,18.144,18.018,17.952,17.841,16.853,18.51,18.346,18.192,17.867,16.948
2018-09-22,17.546709999999972,18.115,17.999,18.069,18.012,17.83,17.382,18.116,18.028,17.976,17.21,15.921,18.069,17.979,17.513,16.923,18.015
2018-09-23,17.556609999999978,17.908,16.805,17.536,17.419,17.236,16.753,17.947,17.871,17.584,15.876,14.369,17.56,17.419,17.23,16.148,14.47
2018-09-24,17.50150999999998,17.548,16.833,17.323,17.247,17.185,16.772,17.639,17.57,17.512,16.336,15.071,17.743,17.525,17.178,16.668,14.706
2018-09-25,17.263059999999992,17.171,17.17,17.381,17.28,17.134,16.699,17.228,17.184,17.196,17.201,16.21,17.823,17.731,17.612,17.37,16.503
2018-09-26,17.242329999999992,17.081,17.187,17.016,16.96,16.837,16.409,17.101,17.043,17.046,17.048,16.043,17.512,17.46,17.391,17.327,17.418
2018-09-27,17.490519999999982,17.297,17.321,17.297,17.094,15.481,14.626,17.047,16.962,16.371,15.928,14.834,17.13,16.973,14.966,12.35,10.909
2018-09-28,17.04256,17.01,15.152,16.531,16.451,16.297,15.697,17.029,16.951,16.936,15.85,14.504,16.652,16.436,16.284,15.799,14.365
2018-09-29,17.06997,16.74,15.788,16.877,16.72,16.613,16.18,17.141,16.969,16.365,15.465,14.29,16.947,16.779,16.506,16.055,14.91
2018-09-30,16.858220000000003,16.483,15.889,16.869,16.808,16.762,16.347,17.038,16.871,16.295,15.605,14.491,16.885,16.709,16.415,16.136,15.049
2018-10-01,16.850070000000002,16.626,16.433,16.895,16.84,16.784,16.356,16.922,16.743,16.267,15.623,14.521,16.813,16.703,16.557,16.271,15.537
2018-10-02,16.987260000000006,16.687,16.627,16.862,16.842,16.811,16.401,16.784,16.711,16.422,15.978,14.981,16.797,16.681,16.561,16.359,15.842
2018-10-03,16.85597000000001,16.648,16.722,16.887,16.847,16.837,16.435,16.507,16.461,16.494,16.472,15.48,16.916,16.826,16.8,16.745,16.49
2018-10-04,17.03138000000001,16.953,16.877,16.906,16.899,16.892,16.485,16.592,16.542,16.557,16.488,15.501,17.05,16.95,16.907,16.815,16.531
2018-10-05,17.081079999999996,16.995,16.418,16.85,16.845,16.83,16.423,16.673,16.628,16.584,16.222,15.066,16.902,16.81,16.691,16.409,15.969
2018-10-06,17.052080000000004,16.783,16.369,16.713,16.718,16.734,16.341,16.685,16.644,16.694,16.513,15.438,16.931,16.84,16.818,16.786,16.664
2018-10-07,16.715120000000006,16.6,16.582,16.549,16.597,16.61,16.205,16.601,16.617,16.55,16.123,14.98,16.797,16.742,16.708,16.538,16.271
2018-10-08,16.61331000000001,16.356,16.211,16.326,16.361,16.366,15.98,16.375,16.375,16.433,16.301,15.269,16.566,16.528,16.497,16.441,16.019
2018-10-09,16.576259999999998,16.206,16.217,16.171,16.21,16.222,15.811,16.41,16.397,16.291,16.06,14.962,16.395,16.342,16.346,16.164,16.111
2018-10-10,16.661469999999994,16.19,15.859,16.15,15.84,15.145,14.55,16.34,16.088,15.268,14.314,13.124,16.21,16.06,15.369,14.496,13.086
2018-10-11,16.408589999999986,16.082,15.376,15.833,15.773,15.543,15.047,16.163,16.133,16.12,15.962,15.017,15.974,15.785,15.776,15.661,14.799
2018-10-12,16.002959999999995,15.715,15.507,15.948,15.907,15.913,15.502,15.981,15.894,15.837,15.777,14.761,15.964,15.912,15.899,15.883,15.817
2018-10-13,15.764759999999994,15.474,15.512,15.517,15.633,15.707,15.328,15.742,15.784,15.745,15.561,14.522,15.634,15.595,15.599,15.515,15.177
2018-10-14,15.510280000000005,15.305,15.617,15.091,15.231,15.48,15.095,15.476,15.66,15.618,15.465,14.452,15.717,15.658,15.67,15.595,15.476
2018-10-15,15.506440000000003,15.404,15.655,14.942,15.181,15.358,14.964,15.403,15.442,15.492,15.286,14.263,15.489,15.452,15.455,15.349,14.614
2018-10-16,15.395450000000004,15.15,15.323,14.985,14.971,15.007,14.714,15.214,14.761,14.658,14.482,12.865,14.625,14.438,14.537,12.958,12.648
2018-10-17,13.977360000000001,12.897,10.477,12.87,11.196,9.56,8.949,13.145,11.937,9.714,8.768,7.488,12.83,11.942,10.326,8.841,7.94
2018-10-18,12.278729999999998,11.426,9.48,11.348,10.979,8.946,8.24,11.103,10.101,8.562,8.002,6.618,10.484,10.137,8.669,7.675,7.249
2018-10-19,9.815549999999996,8.299,7.359,9.354,9.286,8.725,8.058,9.865,8.742,6.703,6.5,5.336,8.801,8.619,8.183,7.602,6.985
2018-10-20,9.34263,9.04,8.842,9.071,8.818,7.98,7.402,8.052,7.69,7.351,7.144,5.971,8.992,8.865,8.436,7.882,7.292
2018-10-21,10.370000000000003,9.18,7.917,8.928,8.328,7.198,6.525,9.226,8.518,7.698,7.289,6.019,8.769,8.459,7.434,6.777,6.67
2018-10-22,8.275660000000002,8.164,7.186,8.317,8.236,7.522,6.801,8.77,8.245,7.102,6.519,5.29,7.927,7.867,7.545,7.186,7.013
2018-10-23,8.341820000000002,8.121,7.645,8.032,7.951,7.612,7.122,8.335,7.712,7.125,6.836,5.675,9.234,8.524,8.032,7.754,7.41
2018-10-24,8.802589999999991,8.688,8.261,8.855,8.721,8.467,7.91,8.802,8.617,8.272,7.856,6.661,10.86,10.567,10.166,9.71,8.594
2018-10-25,9.035919999999996,9.065,8.376,8.82,8.754,8.37,7.83,8.756,8.606,8.086,7.924,6.69,9.798,9.695,8.98,8.288,7.803
2018-10-26,8.186640000000002,8.036,7.824,8.16,8.207,8.107,7.657,8.435,8.332,7.518,7.104,5.924,8.602,8.533,8.269,8.04,7.82
2018-10-27,7.951860000000003,7.719,7.837,8.151,8.192,8.106,7.624,8.062,8.014,7.528,7.376,6.28,8.954,8.721,8.574,8.372,8.237
2018-10-28,8.295679999999999,7.936,8.014,9.552,9.579,9.546,9.115,8.45,8.472,8.494,8.511,7.362,10.5,10.412,10.298,10.098,9.672
2018-10-29,8.38751999999999,8.456,8.341,9.246,9.191,9.094,8.642,8.502,8.568,8.567,8.514,7.367,10.205,10.023,9.645,9.267,9.199
2018-10-30,9.683850000000005,9.871,9.483,9.377,9.32,9.245,8.81,8.706,8.847,8.91,8.692,7.535,10.044,9.935,9.7,9.534,9.515
2018-10-31,9.962870000000002,10.014,9.806,9.175,9.236,9.26,8.839,9.312,9.314,9.22,9.091,7.973,9.644,9.599,9.475,9.405,9.481
2018-11-01,9.808550000000007,9.926,9.988,9.301,9.299,9.287,8.876,9.287,9.388,9.423,9.405,8.285,9.658,9.621,9.557,9.525,9.574
2018-11-02,9.866430000000003,9.97,10.122,9.49,9.398,9.346,8.913,9.414,9.434,9.437,9.441,8.341,9.723,9.686,9.631,9.641,9.726
2018-11-03,9.992340000000008,10.2,10.24,9.854,9.743,9.527,9.049,9.669,9.669,9.592,9.58,8.494,9.828,9.79,9.73,9.721,9.769
2018-11-04,10.063670000000007,10.251,10.135,9.855,9.775,9.454,8.925,9.624,9.626,9.429,9.36,8.16,9.612,9.587,9.259,9.078,8.975
2018-11-05,10.22016,9.642,8.483,8.995,8.861,8.473,7.962,9.482,9.481,9.278,8.956,7.819,8.966,8.925,8.659,8.53,8.309
2018-11-06,9.519089999999998,9.544,9.417,9.131,9.096,9.084,8.644,9.477,9.467,9.331,9.25,8.101,8.904,8.865,8.816,8.819,8.895
2018-11-07,9.75638,9.634,9.496,9.509,9.313,9.124,8.665,9.392,9.291,9.104,9.09,7.922,9.178,9.115,9.001,8.953,9.04
2018-11-08,9.694200000000004,9.531,9.335,9.253,8.997,8.598,8.122,9.189,9.016,8.783,8.743,7.606,9.253,9.179,8.959,8.733,8.728
2018-11-09,9.519950000000001,9.245,9.205,8.822,8.676,8.57,8.115,9.171,9.085,8.907,8.822,7.705,9.453,9.212,9.032,8.899,8.824
2018-11-10,9.376350000000002,9.182,9.254,8.932,8.913,8.875,8.438,9.232,9.214,9.095,9.091,7.962,9.593,9.592,9.514,9.507,9.541
2018-11-11,8.88139,9.077,9.029,8.624,8.701,8.727,8.302,8.891,8.868,8.572,8.584,7.376,9.094,9.13,8.975,8.765,8.75
2018-11-12,7.895470000000001,8.072,7.651,7.607,7.69,7.508,7.011,8.05,7.801,7.391,7.379,6.215,8.071,8.12,7.964,7.706,7.736
2018-11-13,7.393050000000005,7.649,7.722,7.3,7.45,7.412,6.964,7.709,7.717,7.461,7.42,6.309,7.961,7.992,7.898,7.851,7.722
2018-11-14,7.3208100000000025,7.607,7.699,7.228,7.283,7.24,6.822,7.473,7.537,7.418,7.463,6.28,7.814,7.844,7.773,7.767,7.89
2018-11-15,6.625969999999995,7.1,7.285,6.011,6.369,6.759,6.43,6.673,6.874,6.955,7.079,5.945,6.868,6.974,7.003,7.118,7.305
2018-11-16,6.385469999999999,6.712,7.006,6.131,6.32,6.399,5.988,6.261,6.481,6.635,6.805,5.65,6.591,6.66,6.623,6.719,7.0
2018-11-17,6.306710000000001,6.534,6.715,5.625,5.947,6.341,5.992,6.46,6.608,6.709,6.825,5.706,6.536,6.574,6.555,6.654,6.903
2018-11-18,6.349579999999996,6.65,6.781,5.979,6.46,6.56,6.156,6.664,6.694,6.742,6.854,5.716,6.492,6.562,6.558,6.697,6.981
2018-11-19,6.566759999999993,6.663,6.756,6.314,6.59,6.673,6.25,6.944,6.938,6.74,6.801,5.674,6.385,6.411,6.403,6.528,6.753
2018-11-20,6.690409999999996,6.754,6.847,6.778,6.967,7.027,6.584,6.731,6.811,6.828,6.843,5.703,6.555,6.534,6.485,6.542,6.69
2018-11-21,6.714749999999997,6.903,7.056,6.837,7.014,7.08,6.671,7.026,7.143,7.021,6.985,5.831,7.182,7.101,7.046,7.111,7.224
2018-11-22,6.574939999999995,6.692,7.227,6.529,6.677,6.78,6.438,6.852,7.068,7.065,7.063,5.908,7.17,7.225,7.144,7.191,7.374
2018-11-23,6.0099000000000045,6.144,6.849,5.816,5.982,6.088,5.715,6.436,6.646,6.889,7.059,5.885,6.645,6.686,6.613,6.657,6.837
2018-11-24,5.769430000000001,6.118,6.585,5.219,5.58,6.179,5.823,6.159,6.316,6.561,6.893,5.778,6.508,6.535,6.453,6.464,6.597
2018-11-25,5.95964,6.038,6.523,5.959,6.226,6.275,5.858,6.2,6.338,6.51,6.704,5.542,6.273,6.307,6.239,6.289,6.454
2018-11-26,5.761800000000002,5.852,6.319,5.949,6.049,6.044,5.636,5.741,5.895,5.868,6.117,4.953,6.107,6.153,6.095,6.132,6.314
2018-11-27,5.723900000000001,5.824,6.082,5.876,5.929,5.874,5.453,5.7,5.795,5.779,5.931,4.749,6.053,6.079,5.995,6.01,6.147
2018-11-28,5.761030000000002,5.854,5.993,5.85,5.894,5.84,5.41,5.707,5.759,5.764,5.879,4.74,5.962,5.971,5.877,5.842,5.903
2018-11-29,5.77911,5.871,5.971,5.733,5.847,5.882,5.463,5.749,5.855,5.809,5.898,4.709,5.967,5.997,5.899,5.869,5.82
2018-11-30,5.499969999999998,5.585,5.822,5.559,5.684,5.672,5.244,5.613,5.709,5.788,5.899,4.702,5.823,5.867,5.874,5.844,5.944
2018-12-01,5.4606600000000025,5.575,5.947,5.4,5.579,5.552,5.131,5.357,5.672,5.81,5.901,4.738,5.742,5.8,5.707,5.744,5.768
2018-12-02,5.447390000000001,5.592,5.943,5.36,5.505,5.46,5.022,5.373,5.72,5.724,5.846,4.676,5.62,5.66,5.575,5.583,5.547
2018-12-03,5.686130000000002,5.647,5.809,5.497,5.533,5.545,5.124,5.496,5.573,5.582,5.685,4.509,5.61,5.626,5.562,5.598,5.801
2018-12-04,5.69074,5.669,5.827,5.49,5.632,5.606,5.193,5.561,5.653,5.614,5.711,4.547,5.603,5.656,5.591,5.636,5.832
2018-12-05,5.20426,5.305,5.675,5.001,5.368,5.22,4.794,5.145,5.361,5.558,5.67,4.5,5.365,5.426,5.373,5.43,5.668
2018-12-06,4.9145299999999965,5.142,5.668,4.571,4.84588,4.93,4.504,4.728,4.974,5.253,5.651,4.497,5.107,5.192,5.139,5.251,5.522
2018-12-07,5.196689999999998,5.354,5.69,4.692,5.025620000000002,4.965,4.563,4.962,5.146,5.401,5.598,4.427,5.038,5.112,5.061,5.127,5.353
2018-12-08,4.967609999999998,5.146,5.568,4.452,4.90686,4.946,4.542,4.887,5.117,5.263,5.455,4.254,4.983,5.1,5.013,5.08,5.304
2018-12-09,4.466380000000004,4.894,5.142,4.025,4.328729999999998,4.339,3.926,4.465,4.707,5.024,5.297,4.095,4.797,4.952379999999998,4.816,4.875,5.092
2018-12-10,4.435910000000002,4.723,4.98,3.969,4.434490000000002,4.575,4.204,4.501,4.753,5.129,5.331,4.162,4.739,4.904009999999999,4.735,4.801,5.033
2018-12-11,4.266229999999999,4.419,4.819,3.919,4.317050000000002,4.519,4.11,4.4,4.603,4.909,5.339,4.183,4.61,4.764950000000001,4.627,4.702,4.96
2018-12-12,4.274360000000001,4.296,4.709,3.855,4.106230000000001,4.08,3.656,3.94,4.652,4.448,5.291,4.099,4.413,4.5881500000000015,4.421,4.491,4.746
2018-12-13,4.03316,4.034,4.174,3.529,3.749850000000001,3.714,3.309,3.776,3.779569999999997,4.146,4.1245400000000005,3.47,4.204,4.305799999999998,4.197,4.26,4.478
2018-12-14,3.8649199999999997,3.932,4.099,3.252,3.5788599999999997,3.644,3.25,3.898,3.9033300000000013,4.481,4.809100000000002,3.546,3.967,4.193369999999998,3.965,3.988,3.963
2018-12-15,3.4548400000000004,3.6328099999999988,4.153,3.512,3.967029999999994,4.012,3.674,4.313,4.2807499999999985,4.669,4.812690000000001,3.612,4.077,4.337710000000001,4.056,4.121,4.359
2018-12-16,4.45198,4.532990000000002,4.781,3.921,4.2337099999999985,4.45,4.044,4.28,4.379089999999998,4.572,4.762799999999999,3.549,4.234,4.484290000000002,4.248,4.337,4.594
2018-12-17,4.590360000000001,4.432489999999999,4.41,4.321,4.331319999999998,4.306,3.869,4.181,4.237809999999999,4.167,4.14524,3.063,4.225,4.473140000000003,4.179,4.219,4.444
2018-12-18,4.013529999999997,4.112319999999997,4.418,4.0,4.1459399999999995,4.115,3.713,4.05,4.123859999999997,4.19,4.15291,3.128,4.158,4.38103,4.119,4.164,4.372
2018-12-19,3.9685399999999986,4.029009999999997,4.146,3.772,3.92719,3.874,3.476,3.994,4.110759999999998,4.255,4.269310000000002,3.244,4.145,4.318129999999999,4.105,4.144,4.345
2018-12-20,3.3965499999999986,3.570630000000002,4.14,3.427,3.8990399999999976,3.909,3.507,3.74,3.7811599999999976,4.091,4.075330000000005,3.192,3.978,4.216199999999998,4.073,4.139,4.357
2018-12-21,3.864369999999999,3.9596999999999976,4.14,3.758,3.999349999999999,4.049,3.625,3.862,3.92613,4.122,4.079030000000002,3.169,4.191,4.31792,4.174,4.218,4.426
2018-12-22,4.07901,4.128969999999998,4.299,4.299,4.324499999999998,4.291,3.867,4.202,4.2143099999999984,4.154,4.142690000000002,3.032,4.348,4.568650000000002,4.334,4.374,4.568
2018-12-23,4.5463900000000015,4.44161,4.422,4.49,4.548019999999997,4.447,4.019,4.232,4.291939999999998,4.226,4.2504,3.157,4.371,4.614120000000001,4.363,4.416,4.624
2018-12-24,4.014879999999997,4.107829999999997,4.432,4.154,4.268119999999998,4.328,3.904,4.012,4.130139999999996,4.265,4.367019999999999,3.199,4.241,4.438010000000001,4.271,4.339,4.563
2018-12-25,3.9768299999999983,4.0974099999999956,4.466,3.819,4.0617399999999995,4.03,3.606,3.856,3.9211600000000026,4.264,4.4129400000000025,3.2,4.192,4.338819999999999,4.212,4.272,4.49
2018-12-26,3.4060799999999984,3.5652000000000026,4.161,3.375,3.644530000000001,3.618,3.203,3.699,3.754659999999997,4.149,4.073750000000005,3.11,4.045,4.214559999999998,4.053,4.095,4.302
2018-12-27,3.2042699999999984,3.371899999999997,4.058,3.202,3.3884500000000006,3.47,3.049,3.391,3.5223000000000013,3.987,3.9710900000000042,3.024,3.879,4.059579999999998,3.871,3.911,4.106
2018-12-28,3.2428399999999993,3.3560899999999987,3.675,3.0,3.2602700000000002,3.215,2.778,3.381,3.522580000000003,3.898,3.9214400000000063,3.042,3.525,3.7769699999999995,3.535,3.568,3.622
2018-12-29,3.270189999999998,3.3640699999999994,3.581,3.072,3.3491500000000007,3.247,2.84,3.565,3.6544199999999973,3.693,3.7537699999999976,2.664,3.478,3.5953900000000014,3.428,3.475,3.679
2018-12-30,3.2648,3.3789699999999994,3.792,3.154,3.39139,3.559,3.174,3.367,3.484370000000003,3.587,3.677549999999998,2.537,3.462,3.697820000000001,3.511,3.599,3.866
2018-12-31,3.1019499999999995,3.2455899999999986,3.9,2.806,3.05514,3.339,2.92,2.736,3.0860200000000026,3.641,3.7453199999999987,2.645,3.304,3.498910000000003,3.363,3.505,3.762
2019-01-01,3.2574799999999997,3.3506799999999988,3.415,3.076,3.296789999999999,3.196,2.769,3.367,3.4873700000000003,3.605,3.7085999999999966,2.567,3.176,3.3936500000000027,3.129,3.184,3.449
2019-01-02,3.0308599999999988,3.174210000000001,3.501,2.892,3.1093600000000015,3.441,3.065,3.107,3.2972399999999995,3.478,3.6594999999999986,2.556,3.327,3.495700000000004,3.362,3.45,3.713
2019-01-03,3.0283900000000012,3.1971399999999988,4.09,2.75,2.98745,3.304,2.893,2.686,3.0202900000000015,3.2,3.4685299999999986,2.577,3.171,3.4525400000000026,3.263,3.387,3.721
2019-01-04,2.967609999999999,3.174659999999999,3.838,2.751,2.912110000000001,2.964,2.558,2.551,2.7862499999999994,3.196,3.432419999999999,2.386,3.226,3.4568300000000023,3.236,3.314,3.579
2019-01-05,2.9937900000000015,3.143759999999999,3.571,2.841,3.0899200000000007,3.229,2.822,3.015,3.266020000000001,3.414,3.6745199999999993,2.614,3.323,3.4867900000000027,3.347,3.415,3.662
2019-01-06,3.106149999999998,3.2380899999999992,3.836,3.089,3.2771500000000007,3.252,2.811,2.857,3.1397200000000023,3.347,3.616929999999999,2.508,3.445,3.6022500000000033,3.454,3.525,3.776
2019-01-07,3.050420000000002,3.182899999999999,3.451,2.862,3.0066100000000002,2.931,2.498,3.086,3.2688900000000003,3.517,3.7078399999999982,2.583,3.34,3.487050000000002,3.328,3.415,3.674
2019-01-08,2.682040000000001,2.85774,3.379,2.528,2.634289999999999,2.666,2.227,2.987,3.2293900000000013,3.36,3.630399999999998,2.48,3.019,3.21617,3.05,3.111,3.333
2019-01-09,2.69621,2.864179999999999,3.319,2.523,2.6435000000000004,2.69,2.272,3.019,3.10725,3.073,3.2369899999999996,1.987,2.955,3.1022000000000016,2.894,2.919,3.101
2019-01-10,2.7271000000000005,2.9007399999999994,3.226,2.642,2.874360000000001,2.972,2.578,3.01,3.1318200000000007,3.146,3.2681699999999996,2.049,3.025,3.2505700000000006,3.055,3.147,3.421
2019-01-11,2.7383299999999995,2.9161699999999997,3.297,2.642,2.9253100000000005,3.107,2.715,3.018,3.1419899999999994,3.144,3.2246699999999997,1.949,2.835,3.042390000000001,3.072,3.246,3.528
2019-01-12,2.4431700000000016,2.7645799999999996,3.408,2.27,2.5762399999999985,2.904,2.631,2.735,3.002770000000001,3.186,3.3380000000000005,2.121,2.88,3.0584100000000007,2.974,3.182,3.613
2019-01-13,2.4075300000000017,2.81548,3.555,2.011,2.5541699999999987,3.026,2.655,2.441,2.6372899999999997,3.286,3.444000000000001,2.276,2.711,2.9301,2.999,3.177,3.607
2019-01-14,2.3958900000000023,2.83711,3.585,1.911,2.4648699999999995,2.517,2.103,1.874,2.545949999999999,3.227,3.4008200000000026,2.181,2.509,2.6909199999999993,2.541,2.88,3.304
2019-01-15,2.451600000000001,2.8452800000000003,3.584,1.557,2.3877499999999996,1.739,1.306,1.528,2.3781599999999994,2.718,2.9660699999999993,2.076,2.32,2.469469999999999,2.345,2.457,2.851
2019-01-16,2.4216200000000008,2.7674900000000004,3.303,1.555,2.400659999999999,1.674,1.255,2.244,2.43437,3.136,3.328270000000002,2.159,2.162,2.317860000000003,2.137,2.193,2.455
2019-01-17,2.3917000000000006,2.59793,2.765,1.679,2.4208299999999996,2.307,1.981,2.413,2.617700000000001,2.927,3.18752,2.014,2.146,2.327370000000003,2.138,2.217,2.492
2019-01-18,2.3836900000000023,2.6031899999999997,2.915,1.88,2.4572999999999987,2.421,1.986,2.163,2.522110000000002,2.69,2.97122,1.83,2.149,2.3552000000000017,2.162,2.273,2.651
2019-01-19,2.2827900000000003,2.3163899999999997,2.613,1.91,2.32654,2.071,1.638,2.112,2.358590000000002,2.181,2.1862199999999996,1.147,2.22,2.3822999999999994,2.187,2.233,2.498
2019-01-20,2.3481799999999997,2.2846999999999995,2.101,1.78,2.317280000000001,1.872,1.433,1.902,2.138740000000002,1.906,1.8180099999999988,0.862,2.09,2.304910000000003,1.969,2.103,2.342
2019-01-21,2.3320600000000002,2.3099299999999996,2.265,1.924,2.319080000000001,2.011,1.568,2.026,2.275870000000002,2.054,1.8755599999999983,0.923,2.12,2.3288500000000028,2.137,2.207,2.451
2019-01-22,2.34165,2.2898599999999996,2.144,1.528,2.318270000000001,1.822,1.442,1.778,2.1370400000000016,1.952,1.815019999999999,0.81,1.958,2.3069700000000033,1.996,2.107,2.426
2019-01-23,2.33964,2.2899499999999993,2.093,1.219,2.318270000000001,1.635,1.206,1.408,2.0408000000000017,1.757,1.8045799999999994,0.729,1.916,2.3316700000000026,2.085,2.234,2.561
2019-01-24,2.34388,2.2720899999999995,1.834,1.795,2.318270000000001,1.924,1.501,1.777,2.0998200000000025,1.854,1.799839999999999,0.742,2.06,2.301700000000003,2.012,2.063,2.303
2019-01-25,2.3952700000000022,2.3578699999999997,2.066,2.501,2.539760000000001,2.455,2.001,2.169,2.3765100000000015,2.149,2.1657299999999995,1.009,2.288,2.4563999999999986,2.27,2.34,2.591
2019-01-26,2.4046000000000034,2.3529500000000003,2.338,2.606,2.759679999999999,2.757,2.336,2.314,2.50857,2.376,2.506819999999999,1.251,2.542,2.713109999999999,2.708,2.844,3.1
2019-01-27,2.3595300000000012,2.3638000000000003,2.395,2.532,2.6313,2.672,2.226,2.24,2.5076500000000013,2.349,2.48656,1.224,2.731,2.90393,2.829,2.927,3.241
2019-01-28,2.379070000000002,2.37757,2.417,2.506,2.551830000000001,2.487,2.035,2.142,2.496990000000001,2.291,2.4895899999999993,1.215,2.739,2.895459999999998,2.734,2.777,3.01
2019-01-29,2.375360000000002,2.3691699999999996,2.419,2.062,2.313670000000001,2.117,1.688,1.84,2.3730000000000007,2.039,2.0814499999999994,1.194,2.394,2.567010000000002,2.419,2.508,2.817
2019-01-30,2.33741,2.2898599999999996,2.192,1.849,2.317280000000001,1.854,1.412,1.842,2.169490000000002,1.915,1.806289999999999,0.838,2.127,2.318580000000003,2.088,2.149,2.47
2019-01-31,2.34165,2.2978399999999994,2.137,1.61,2.317280000000001,1.858,1.431,1.933,2.169100000000002,2.036,1.859469999999999,0.899,2.061,2.312340000000003,2.062,2.142,2.416
2019-02-01,2.3977100000000005,2.3592499999999994,2.288,1.258,2.3158800000000013,2.053,1.801,1.878,2.3626500000000026,2.234,2.1749599999999996,1.147,1.837,2.328200000000003,1.937,2.197,2.6
2019-02-02,2.367970000000001,2.586699999999999,2.835,1.222,2.4738200000000004,2.506,2.143,2.031,2.509590000000002,2.603,2.86927,1.567,1.747,2.333630000000002,1.999,2.252,2.635
2019-02-03,2.3754700000000026,2.66672,3.114,1.86,2.4618899999999986,2.429,2.127,2.368,2.5897400000000004,2.868,3.15906,1.978,1.803,2.338830000000002,2.068,2.331,2.717
2019-02-04,2.384990000000002,2.7500099999999987,3.229,2.031,2.53105,2.593,2.203,2.48,2.6464999999999996,2.989,3.2451799999999973,2.012,2.057,2.335260000000002,2.154,2.238,2.625
2019-02-05,2.429230000000002,2.66001,2.876,2.371,2.56964,2.702,2.305,2.637,2.836890000000001,3.009,3.2527099999999995,2.048,2.246,2.4240800000000005,2.38,2.507,2.835
2019-02-06,2.4137100000000005,2.664160000000001,3.093,2.559,2.74943,2.781,2.379,2.46,2.629229999999999,2.871,3.154949999999999,1.974,2.46,2.64063,2.651,2.829,3.176
2019-02-07,2.4332700000000007,2.6749899999999993,3.17,2.52,2.6314900000000008,2.592,2.153,2.216,2.5061299999999997,2.588,2.812949999999999,1.582,2.681,2.83425,2.677,2.777,3.112
2019-02-08,2.3872100000000027,2.495809999999999,2.804,2.439,2.5042999999999993,2.408,1.947,2.348,2.5048600000000003,2.345,2.350330000000001,1.182,2.592,2.75898,2.544,2.583,2.799
2019-02-09,2.4015200000000023,2.4788899999999985,2.758,2.347,2.4207399999999986,2.347,1.899,2.299,2.4982000000000006,2.338,2.4840400000000016,1.249,2.567,2.7044,2.521,2.557,2.777
2019-02-10,2.2642500000000014,2.341339999999998,2.536,1.995,2.3717099999999998,2.093,1.7,2.156,2.3699000000000012,2.507,2.719819999999999,1.517,2.706,2.875679999999999,2.673,2.722,2.968
2019-02-11,2.445700000000002,2.71556,3.317,1.787,2.3910199999999993,2.18,1.984,2.094,2.43706,2.638,2.8726100000000003,1.947,2.77,2.9148800000000006,2.764,2.84,3.142
2019-02-12,2.421450000000002,2.76125,3.851,1.875,2.4014799999999985,2.338,1.942,2.09,2.4595499999999997,2.481,2.7558199999999995,2.308,2.697,2.8548700000000014,2.797,2.925,3.213
2019-02-13,2.426150000000003,2.535459999999999,2.953,2.005,2.35456,2.073,1.628,2.138,2.3467300000000004,2.351,2.4355300000000004,1.344,2.582,2.7388800000000004,2.566,2.625,2.86
2019-02-14,2.29538,2.33545,2.639,1.68,2.3235300000000008,1.879,1.444,2.097,2.3575100000000013,2.207,2.24871,1.185,2.331,2.466119999999999,2.347,2.402,2.642
2019-02-15,2.29603,2.3198199999999995,2.636,1.644,2.3163500000000012,1.999,1.573,1.921,2.3473500000000023,2.2,2.1783799999999993,1.159,2.116,2.3335600000000025,2.142,2.233,2.507
2019-02-16,2.32078,2.3173499999999994,2.533,2.078,2.3289100000000005,2.068,1.609,2.102,2.297990000000002,2.059,1.8914999999999986,0.938,2.217,2.3578800000000006,2.174,2.217,2.466
2019-02-17,2.3305999999999996,2.31533,2.449,2.0,2.324810000000001,2.056,1.609,2.063,2.3460300000000025,2.097,2.031319999999999,0.999,2.122,2.319640000000003,2.097,2.144,2.388
2019-02-18,2.34002,2.29901,2.36,1.748,2.318270000000001,1.847,1.417,1.873,2.2680600000000024,2.046,1.9046199999999984,0.983,2.01,2.301700000000003,2.007,2.053,2.304
2019-02-19,2.34388,2.2863499999999997,2.028,1.36,2.318270000000001,1.54,1.097,1.493,2.008610000000002,1.648,1.7827499999999992,0.776,1.855,2.301700000000003,1.846,1.899,2.129
2019-02-20,2.34388,2.2720899999999995,1.647,1.085,2.318270000000001,1.243,0.79,1.27,1.9978100000000023,1.387,1.774409999999999,0.601,1.718,2.301700000000003,1.695,1.743,1.982
2019-02-21,2.34388,2.2720899999999995,1.469,0.967,2.318270000000001,1.186,0.735,1.229,1.9978100000000023,1.374,1.774409999999999,0.522,1.535,2.301700000000003,1.517,1.562,1.792
2019-02-22,2.34388,2.2720899999999995,1.438,0.946,2.318270000000001,1.139,0.694,1.236,1.9978100000000023,1.291,1.774409999999999,0.07252000000000006,1.426,2.301700000000003,1.389,1.431,1.667
2019-02-23,2.34388,2.2720899999999995,1.483,1.07,2.318270000000001,1.244,0.796,1.218,1.9978100000000023,1.318,1.774409999999999,0.20279,1.385,2.301700000000003,1.354,1.394,1.612
2019-02-24,2.34388,2.2720899999999995,1.399,1.099,2.318270000000001,1.177,0.722,1.139,1.9978100000000023,1.242,1.774409999999999,0.06879000000000006,1.34,2.301700000000003,1.321,1.364,1.606
2019-02-25,2.34388,2.2720899999999995,1.344,1.185,2.318270000000001,1.175,0.73,1.161,1.9978100000000023,1.121,1.774409999999999,0.010250000000000002,1.355,2.301700000000003,1.299,1.339,1.565
2019-02-26,2.34388,2.2720899999999995,1.224,0.957,2.318270000000001,0.963,0.621,1.141,1.9978100000000023,1.128,1.774409999999999,0.011349999999999996,1.264,2.301700000000003,1.216,1.257,1.492
2019-02-27,2.30271,2.26009,0.788,0.689,2.317280000000001,0.785,0.558,1.298,2.022150000000002,1.536,1.8381099999999984,1.091,1.181,2.301160000000003,1.162,1.268,1.631
2019-02-28,2.33487,2.28862,2.422,0.639,2.317280000000001,1.703,1.38,1.023,2.1556900000000025,1.569,1.7938399999999988,0.949,1.173,2.301160000000003,1.397,1.665,2.161
2019-03-01,2.31844,2.3342099999999992,2.695,0.495,2.316330000000001,1.169,0.783,0.714,2.2377900000000026,1.572,2.267869999999999,1.487,1.244,2.301160000000003,1.349,1.509,1.815
2019-03-02,2.30701,2.26889,1.911,0.95,2.317280000000001,1.285,0.848,0.709,2.095200000000003,1.71,2.073269999999998,1.298,1.352,2.301160000000003,1.379,1.483,1.77
2019-03-03,2.34388,2.2720899999999995,1.334,0.585,2.318270000000001,0.682,0.254,0.422,1.9978100000000023,0.754,1.774409999999999,0.044,1.066,2.301700000000003,1.08,1.173,1.474
2019-03-04,2.34388,2.2720899999999995,1.524,0.866,2.318270000000001,0.995,0.55,0.628,1.9978100000000023,0.925,1.774409999999999,0.113,1.09,2.301700000000003,1.141,1.22,1.468
2019-03-05,2.34388,2.2720899999999995,1.317,0.834,2.318270000000001,0.951,0.516,0.845,1.9978100000000023,1.1,1.774409999999999,0.009,1.089,2.301700000000003,1.104,1.185,1.46
2019-03-06,2.34388,2.2720899999999995,1.446,0.903,2.318270000000001,1.176,0.726,0.943,1.9978100000000023,1.211,1.774409999999999,0.008,1.048,2.301700000000003,1.072,1.14,1.374
2019-03-07,2.34388,2.2720899999999995,1.497,0.784,2.318270000000001,0.913,0.479,0.792,1.9978100000000023,1.14,1.774409999999999,0.0,0.91,2.301700000000003,0.872,0.91,1.143
2019-03-08,2.34388,2.2720899999999995,1.467,0.549,2.318270000000001,0.86,0.429,0.787,1.9978100000000023,1.184,1.774409999999999,0.0,0.801,2.301700000000003,0.785,0.839,1.088
2019-03-09,2.34388,2.2720899999999995,1.329,0.821,2.318270000000001,0.828,0.353,1.161,1.9978100000000023,1.191,1.774409999999999,0.002,0.847,2.301700000000003,0.778,0.788,0.979
2019-03-10,2.34388,2.2720899999999995,1.39,0.739,2.318270000000001,0.678,0.216,1.08,1.9978100000000023,1.043,1.774409999999999,0.0,0.67,2.301700000000003,0.616,0.649,0.882
2019-03-11,2.34388,2.2720899999999995,1.349,0.965,2.318270000000001,0.883,0.419,1.119,1.9978100000000023,1.062,1.774409999999999,0.004150000000000002,0.799,2.301700000000003,0.725,0.749,0.966
2019-03-12,2.34388,2.2720899999999995,1.451,1.37,2.318270000000001,1.027,0.493,1.269,1.9978100000000023,1.044,1.774409999999999,0.003200000000000001,1.042,2.301700000000003,0.883,0.852,1.031
2019-03-13,2.34388,2.2720899999999995,1.314,1.282,2.318270000000001,0.849,0.369,1.306,1.9978100000000023,1.014,1.774409999999999,0.007910000000000002,1.042,2.301700000000003,0.804,0.803,1.0
2019-03-14,2.34388,2.2720899999999995,1.335,1.518,2.318270000000001,1.124,0.647,1.217,1.9978100000000023,0.894,1.774409999999999,0.03777999999999997,1.209,2.301700000000003,0.907,0.842,1.012
2019-03-15,2.34388,2.2720899999999995,1.654,1.485,2.318270000000001,1.097,0.596,1.045,1.9978100000000023,0.88,1.774409999999999,0.04302,1.112,2.301700000000003,0.975,0.989,1.193
2019-03-16,2.34388,2.2803299999999997,1.969,1.852,2.318270000000001,1.56,0.987,1.158,1.9972900000000022,0.893,1.7754599999999991,0.05202,1.379,2.301700000000003,1.223,1.174,1.36
2019-03-17,2.34388,2.2720899999999995,1.401,1.939,2.318270000000001,0.927,0.428,1.32,1.9978100000000023,0.913,1.774409999999999,0.03337,1.526,2.301700000000003,1.043,0.903,1.067
2019-03-18,2.34388,2.2720899999999995,1.213,1.325,2.318270000000001,0.928,0.445,1.111,1.9978100000000023,0.895,1.774409999999999,0.038559999999999976,1.117,2.301700000000003,0.988,0.989,1.219
2019-03-19,2.34388,2.2720899999999995,1.277,1.294,2.318270000000001,1.057,0.597,1.049,1.9978100000000023,0.873,1.774409999999999,0.03884999999999998,1.118,2.301700000000003,1.065,1.114,1.342
2019-03-20,2.34388,2.2720899999999995,1.3,1.367,2.318270000000001,1.144,0.681,1.06,1.9978100000000023,0.922,1.774409999999999,0.03846999999999997,1.243,2.301700000000003,1.169,1.224,1.456
2019-03-21,2.34388,2.2720899999999995,1.399,1.529,2.318270000000001,1.267,0.801,1.119,1.9978100000000023,0.975,1.774409999999999,0.03683999999999999,1.413,2.301700000000003,1.288,1.35,1.594
2019-03-22,2.34388,2.2720899999999995,1.528,1.588,2.318270000000001,1.445,0.979,1.346,1.9978100000000023,1.247,1.774409999999999,0.126,1.387,2.301700000000003,1.316,1.35,1.562
2019-03-23,2.34388,2.2720899999999995,1.802,1.922,2.318270000000001,1.614,1.099,1.577,1.9978100000000023,1.392,1.774409999999999,0.108,1.477,2.301700000000003,1.38,1.371,1.553
2019-03-24,2.34388,2.2720899999999995,1.719,2.032,2.318270000000001,1.302,0.762,1.721,1.9978100000000023,1.183,1.774409999999999,0.0,1.627,2.301700000000003,1.496,1.456,1.647
2019-03-25,2.34388,2.2720899999999995,1.535,2.0,2.318270000000001,1.384,0.885,1.537,1.9978100000000023,1.129,1.774409999999999,0.0,1.906,2.301700000000003,1.655,1.655,1.852
2019-03-26,2.34388,2.2720899999999995,1.559,1.989,2.318270000000001,1.562,1.083,1.584,1.9978100000000023,1.156,1.774409999999999,0.0,1.914,2.301700000000003,1.8,1.789,2.0
2019-03-27,2.34388,2.2720899999999995,1.628,1.871,2.318270000000001,1.621,1.146,1.725,1.9978100000000023,1.226,1.774409999999999,0.0,1.801,2.301700000000003,1.741,1.799,2.006
2019-03-28,2.34388,2.2914999999999996,2.111,2.031,2.318270000000001,1.76,1.273,1.523,2.0230900000000016,1.315,1.780859999999999,0.017,1.837,2.301700000000003,1.746,1.776,2.05
2019-03-29,2.34734,2.2914999999999996,2.284,2.272,2.3481900000000007,1.81,1.283,1.592,2.1202600000000023,1.387,1.780859999999999,0.178,2.059,2.301880000000003,1.698,1.682,1.881
2019-03-30,2.3345000000000016,2.2724399999999996,1.981,2.582,2.642269999999998,1.68,1.16,2.282,2.021550000000002,1.533,1.7849899999999992,0.213,1.975,2.304680000000003,1.45,1.444,1.674
2019-03-31,2.3751700000000007,2.2867,1.966,2.471,2.4498400000000013,1.939,1.43,2.552,2.1971400000000014,1.632,1.8120899999999986,0.281,1.88,2.303360000000003,1.464,1.426,1.611
2019-04-01,2.5492300000000023,2.3690999999999995,2.399,3.39,3.005789999999998,2.242,1.681,2.206,2.2214300000000025,1.548,1.8783399999999995,0.8269100000000001,1.931,2.3131200000000023,1.748,1.665,1.764
2019-04-02,2.3883800000000015,2.281519999999999,1.877,2.752,2.6616999999999975,1.799,1.228,1.754,1.9917100000000019,1.428,1.779569999999999,0.3057000000000002,2.179,2.3195200000000025,1.695,1.735,1.948
2019-04-03,2.34413,2.2914999999999996,2.238,2.151,2.325600000000001,1.802,1.339,1.93,2.114860000000002,1.739,1.7871599999999992,0.6648900000000001,1.991,2.301700000000003,1.874,1.876,2.069
2019-04-04,2.3627800000000017,2.3216699999999997,2.327,2.676,2.663159999999998,2.264,1.715,2.109,2.3463700000000016,1.989,1.900379999999999,0.9,2.153,2.3141800000000026,2.011,1.991,2.183
2019-04-05,2.337030000000001,2.3124599999999997,2.446,2.457,2.4325000000000014,2.087,1.59,2.076,2.2823500000000023,1.931,1.8449899999999984,0.911,2.193,2.3212100000000024,2.067,2.095,2.329
2019-04-06,2.4175800000000023,2.3453299999999992,2.531,2.496,2.430340000000002,2.132,1.662,2.095,2.3856300000000017,2.065,2.0290599999999994,0.999,2.356,2.51778,2.25,2.285,2.512
2019-04-07,2.4399200000000034,2.363359999999999,2.494,2.764,2.684969999999998,2.198,1.732,2.129,2.3702600000000014,2.132,2.0788600000000015,1.01,2.707,2.86629,2.373,2.406,2.633
2019-04-08,2.429590000000002,2.3788699999999996,2.503,2.656,2.6913599999999986,2.343,1.874,2.444,2.521960000000002,2.232,2.23225,1.058,2.662,2.8105999999999995,2.482,2.513,2.731
2019-04-09,2.414760000000001,2.3386,2.458,2.392,2.4514300000000007,2.374,1.909,2.296,2.508180000000002,2.263,2.22459,1.088,2.219,2.355280000000001,2.148,2.164,2.381
2019-04-10,2.406180000000001,2.3407899999999997,2.492,2.297,2.37134,2.245,1.785,2.251,2.399850000000002,2.266,2.15928,1.101,2.298,2.4279699999999993,2.239,2.267,2.527
2019-04-11,2.421960000000001,2.3448599999999997,2.502,2.557,2.58506,2.298,1.839,2.419,2.531550000000003,2.328,2.26953,1.153,2.414,2.518790000000001,2.216,2.164,2.435
2019-04-12,2.681970000000001,2.5026599999999997,2.576,3.072,3.0460499999999997,2.391,1.898,2.717,2.751400000000001,2.387,2.4480999999999993,1.2,2.742,2.8743999999999987,2.187,2.154,2.374
2019-04-13,2.641920000000001,2.6572599999999995,3.094,3.198,3.068279999999999,2.388,1.86,2.55,2.62156,2.377,2.4681199999999994,1.2,2.554,2.6506799999999995,2.227,2.159,2.301
2019-04-14,3.0803999999999996,3.1256300000000015,3.303,3.179,2.986119999999998,2.27,1.747,2.821,2.7460599999999995,2.398,2.3575799999999996,1.196,2.712,2.8691999999999998,2.187,2.093,2.226
2019-04-15,2.8825200000000013,2.8786100000000014,2.928,3.276,3.059049999999998,2.227,1.74,3.122,3.086080000000001,2.571,2.5665099999999983,1.292,2.674,2.8235699999999992,2.238,2.194,2.331
2019-04-16,3.396189999999999,3.234850000000001,3.174,3.704,3.406329999999999,2.533,1.885,2.986,2.94383,2.452,2.50357,1.217,2.569,2.6820099999999987,2.442,2.423,2.558
2019-04-17,2.9377000000000004,2.6426900000000004,2.308,3.278,3.1322199999999993,2.474,1.901,3.155,3.071,2.307,2.2664399999999993,1.007,2.958,3.07821,2.508,2.395,2.558
2019-04-18,2.965720000000001,2.7586700000000017,2.267,3.349,3.20873,2.797,2.312,3.24,3.15299,2.43,2.3216399999999995,1.117,2.948,3.078779999999999,2.666,2.559,2.683
2019-04-19,3.4095299999999984,3.266820000000001,3.336,3.657,3.356489999999998,2.993,2.452,2.757,2.8129600000000003,2.394,2.3110299999999993,1.094,3.067,3.2238700000000007,2.897,2.853,2.956
2019-04-20,4.616609999999999,4.285389999999996,3.79,4.176,3.8509200000000003,2.954,2.392,3.039,2.9955600000000016,2.344,2.32685,1.129,3.319,3.32414,2.806,2.676,2.774
2019-04-21,3.976030000000004,3.8285700000000027,3.149,4.076,3.8536500000000014,2.964,2.432,3.708,3.565839999999998,2.81,2.7038600000000006,1.378,3.406,3.3280000000000003,2.681,2.576,2.718
2019-04-22,4.856059999999996,4.2975099999999955,3.081,4.225,3.898490000000001,2.974,2.473,4.103,4.1535000000000055,2.873,2.7226700000000026,1.329,3.686,3.6334300000000015,2.852,2.807,2.974
2019-04-23,3.4885,3.3906600000000005,3.009,3.952,4.030790000000003,3.07,2.571,4.514,4.241880000000001,3.249,3.0255800000000015,1.52,3.502,3.57245,3.057,3.013,3.099
2019-04-24,4.886609999999995,4.306859999999996,3.447,4.342,4.013470000000003,3.585,3.044,3.766,3.688819999999999,3.295,3.147979999999998,1.781,3.775,3.850319999999998,3.196,3.064,3.16
2019-04-25,4.910799999999996,4.360209999999998,3.297,4.794,4.221750000000002,3.397,2.862,3.44,3.535879999999998,2.937,2.8726000000000016,1.608,4.038,4.09471,3.164,2.875,2.975
2019-04-26,4.926139999999996,4.340219999999997,3.158,4.732,4.32415,3.689,3.168,4.019,4.133260000000004,2.979,2.8766900000000026,1.629,4.074,4.272750000000002,3.821,3.455,3.197
2019-04-27,4.59733,4.329469999999997,4.175,4.484,4.563619999999997,4.288,3.807,4.25,4.240420000000001,3.772,3.76276,2.399,4.436,4.59827,4.241,4.125,4.011
2019-04-28,4.8455099999999955,4.397939999999997,4.014,5.248,4.560360000000002,3.974,3.426,3.896,3.949119999999999,3.338,3.3120199999999995,2.077,4.665,4.421340000000002,3.617,3.406,3.451
2019-04-29,4.864779999999997,4.343369999999997,3.704,4.745,4.187590000000001,3.094,2.54,3.464,3.553799999999999,2.977,3.005699999999996,1.734,4.094,4.1191200000000014,3.139,2.945,3.082
2019-04-30,4.864679999999995,4.305419999999996,2.894,4.3,3.9098900000000008,3.113,2.54,3.36,3.252009999999997,2.581,2.6353500000000003,1.322,3.629,3.6126500000000004,3.102,2.822,2.785
2019-05-01,3.44267,3.147150000000002,2.819,4.143,3.8347300000000013,2.842,2.352,3.418,3.2984699999999982,2.469,2.5302399999999983,1.2534700000000003,3.678,3.6164200000000006,3.083,2.846,2.935
2019-05-02,3.45709,3.1487900000000013,2.822,3.993,3.811290000000001,2.956,2.452,3.528,3.444229999999999,2.46,2.5595999999999983,1.31542,3.756,3.7750499999999976,3.2,2.98,2.946
2019-05-03,4.880109999999996,4.305599999999996,3.247,4.219,3.9478300000000024,3.261,2.75,3.369,3.2916299999999983,2.641,2.8370499999999974,1.8717200000000012,4.082,4.128419999999998,3.559,3.305,3.291
2019-05-04,4.868659999999995,4.278699999999996,3.483,4.384,4.015330000000002,3.327,2.799,3.422,3.3828999999999976,2.727,2.9333900000000006,2.119670000000001,4.224,4.219799999999999,3.913,3.722,3.624
2019-05-05,4.884659999999998,4.367409999999996,3.316,4.783,4.4024100000000015,3.504,2.986,4.372,4.246050000000004,3.124,3.1528500000000004,1.9,4.556,4.512660000000001,4.04,3.82,3.67
2019-05-06,4.978519999999998,4.656909999999999,3.627,5.222,5.191549999999998,4.154,3.608,5.241,4.653939999999999,3.91,3.9706999999999972,2.873,4.778,4.840200000000003,4.439,4.265,4.076
2019-05-07,4.993070000000001,4.6243799999999995,3.939,5.492,5.1116199999999985,4.883,4.368,4.82,4.885959999999998,4.137,4.05551,2.806,4.985,5.067340000000005,4.685,4.582,4.488
2019-05-08,5.201280000000002,4.934140000000002,4.749,6.095,5.218569999999997,4.313,3.805,4.6,4.431009999999999,3.95,3.8828799999999966,2.612,5.521,5.376629999999995,4.259,3.964,3.945
2019-05-09,5.1844300000000025,4.767780000000002,4.431,5.775,5.433180000000001,4.273,3.735,5.433,4.705419999999997,3.868,3.8430799999999987,2.42,5.291,5.323269999999997,4.317,3.81,3.618
2019-05-10,5.198920000000003,4.785970000000002,4.392,5.958,5.744879999999999,4.875,4.33,5.645,5.069569999999996,4.187,3.9880099999999983,2.674,5.278,5.461769999999999,4.787,4.476,4.04
2019-05-11,6.170130000000001,5.758309999999998,5.169,6.105,5.4790600000000005,4.719,4.153,5.013,4.987379999999996,4.135,4.008919999999998,2.742,5.473,5.427439999999998,4.604,4.254,4.164
2019-05-12,5.185950000000003,4.803140000000003,4.567,6.08,5.835749999999999,4.667,4.003,5.637,4.879029999999995,4.123,3.904069999999997,2.534,5.548,5.506689999999996,4.255,3.791,3.585
2019-05-13,5.414610000000003,5.111940000000003,4.706,5.856,5.689019999999999,5.259,4.682,6.218,5.956969999999997,5.408,5.012450000000002,3.71,5.311,5.55865,4.962,4.716,4.46
2019-05-14,5.724959999999998,5.673149999999998,5.678,5.925,5.935779999999999,5.882,5.444,5.817,5.673310000000002,5.765,5.824400000000004,4.647,5.508,5.723839999999998,5.454,5.478,5.59
2019-05-15,5.7907,5.754659999999998,5.678,5.943,5.904289999999998,5.739,5.286,5.77,5.635219999999999,5.68,5.709010000000004,4.532,5.666,5.727619999999998,5.545,5.54,5.698
2019-05-16,6.157920000000005,6.019870000000003,5.833,6.262,6.05685,5.685,5.186,6.044,6.0256799999999995,5.582,5.513799999999999,4.406,5.729,5.881160000000002,5.276,5.089,5.132
2019-05-17,6.794339999999998,6.281980000000002,5.875,6.492,6.083829999999997,5.563,5.082,5.906,5.814380000000001,5.538,5.464669999999999,4.326,5.728,5.861210000000001,5.106,4.987,5.074
2019-05-18,6.978799999999999,6.278440000000002,5.625,6.758,6.470369999999997,5.737,5.197,6.394,6.337340000000003,5.694,5.37322,4.158,5.655,5.717579999999998,5.118,4.911,4.963
2019-05-19,6.908239999999999,6.010540000000002,5.29,6.872,6.666119999999998,6.02,5.525,6.893,6.454130000000001,5.669,5.140679999999996,3.881,5.78,5.915889999999999,5.298,4.915,4.765
2019-05-20,6.701069999999998,6.366599999999997,5.905,6.696,6.432709999999997,5.936,5.377,6.071,5.849549999999997,5.128,4.894439999999999,3.627,6.015,6.111649999999998,5.641,5.502,5.399
2019-05-21,7.441399999999999,6.41421,5.59,6.896,6.140859999999996,5.014,4.491,6.102,5.81824,4.957,4.755969999999998,3.574,6.229,6.00553,5.066,4.511,4.24
2019-05-22,5.385140000000002,4.917300000000004,4.314,6.112,5.862939999999997,5.079,4.481,6.328,5.9227599999999985,5.221,4.691770000000003,2.667,5.199,5.3757100000000015,4.451,3.726,3.592
2019-05-23,6.709760000000001,5.514069999999999,3.769,6.541,6.263279999999996,5.764,5.265,6.103,5.744770000000001,4.633,4.301020000000001,2.835,5.748,5.856939999999997,5.38,5.092,4.328
2019-05-24,6.442000000000002,5.828640000000004,5.174,6.315,6.005149999999997,5.523,4.985,5.85,5.435410000000003,4.769,4.602950000000002,3.366,5.745,5.874100000000001,5.419,5.158,5.11
2019-05-25,6.558690000000001,5.6934,4.824,6.334,6.070339999999998,5.716,5.249,5.883,5.663200000000002,5.061,4.766799999999996,3.58,5.934,6.019749999999999,5.66,5.594,5.707
2019-05-26,6.5975699999999975,5.8399800000000015,5.017,6.586,6.132979999999993,5.418,4.899,5.532,5.346630000000002,4.674,4.49978,3.41,6.199,6.056629999999999,5.319,5.073,5.131
2019-05-27,6.740969999999999,6.033300000000004,5.492,6.513,5.973329999999996,5.299,4.743,5.665,5.363040000000003,4.976,4.786659999999996,3.6,5.767,5.827860000000003,5.162,4.901,4.869
2019-05-28,7.076649999999996,6.120159999999999,5.498,6.879,6.105419999999997,5.268,4.727,6.417,5.9712999999999985,5.154,5.0380100000000025,3.762,5.979,6.026000000000002,5.237,4.979,4.951
2019-05-29,6.893389999999998,6.377860000000002,5.727,6.749,6.494169999999996,5.819,5.273,6.01,5.87986,5.385,5.210830000000003,4.016,5.915,6.072299999999998,5.493,5.339,5.296
2019-05-30,6.877209999999998,6.502399999999999,5.738,6.934,6.705919999999996,6.073,5.545,6.331,6.355479999999999,5.807,5.64682,4.41,6.278,6.292240000000003,5.85,5.752,5.722
2019-05-31,6.9001999999999954,6.550250000000001,5.934,7.115,6.695209999999996,5.921,5.453,6.124,6.016909999999999,5.566,5.373620000000001,4.161,6.69,6.646210000000001,5.541,5.329,5.347
2019-06-01,6.864109999999996,6.551170000000004,6.101,6.948,6.649819999999995,5.698,5.226,5.951,5.916090000000001,5.484,5.328650000000001,4.179,6.337,6.319310000000005,5.299,5.071,5.099
2019-06-02,6.914919999999998,6.559560000000006,6.223,6.889,6.730279999999996,6.002,5.516,7.352,6.677870000000001,5.99,5.6379399999999995,4.394,6.111,6.200270000000002,5.552,5.395,5.215
2019-06-03,7.001709999999997,6.746250000000001,6.214,7.086,6.972089999999996,6.449,5.974,7.03,6.720470000000001,5.986,5.917940000000003,4.645,6.441,6.514150000000001,5.89,5.687,5.538
2019-06-04,8.019980000000002,7.462809999999996,6.392,7.435,6.879819999999999,6.214,5.725,6.484,6.40194,5.823,5.59899,4.33,6.582,6.637100000000005,5.633,5.457,5.422
2019-06-05,6.849409999999997,6.454630000000001,5.957,7.046,6.668389999999995,5.929,5.415,6.255,5.971949999999997,5.356,5.06768,3.787,6.331,6.356010000000003,5.559,5.384,5.405
2019-06-06,6.7296299999999984,6.37423,5.848,6.753,6.367919999999995,5.667,5.115,5.994,5.826389999999998,5.137,4.828169999999996,3.619,6.054,6.069619999999998,5.494,5.154,4.899
2019-06-07,6.789909999999999,6.012009999999999,5.371,6.558,6.001129999999998,5.33,4.839,6.223,5.90076,5.148,4.7864999999999975,3.556,6.118,5.96802,5.13,4.705,4.487
2019-06-08,7.537119999999993,6.205759999999999,5.457,7.599,6.633959999999998,5.664,5.154,6.151,5.794810000000001,4.964,4.7021299999999995,3.238,6.608,6.5503300000000015,5.213,4.944,4.798
2019-06-09,7.548459999999998,6.046609999999998,5.194,8.894,7.116550000000002,5.836,5.301,5.995,5.66441,4.795,4.594899999999999,3.349,7.072,6.676020000000001,5.561,5.231,5.042
2019-06-10,7.259649999999996,6.199889999999999,5.293,7.684,6.958120000000001,5.32,4.807,5.537,5.284770000000001,4.636,4.460859999999998,3.196,7.603,7.070270000000005,5.069,4.756,4.735
2019-06-11,7.1464300000000005,5.949020000000001,5.209,6.688,6.745920000000001,5.102,4.544,5.577,5.3205500000000026,4.684,4.524329999999999,3.353,7.696,7.184200000000007,5.548,5.101,4.951
2019-06-12,7.545469999999995,6.027239999999998,5.181,8.754,7.269080000000005,5.393,4.803,7.025,5.93024,4.893,4.583969999999997,3.189,7.421,6.6700800000000005,6.043,5.045,4.669
2019-06-13,7.579589999999999,6.00142,4.889,7.861,6.679439999999997,5.708,5.143,6.448,5.799629999999997,4.725,4.537830000000001,3.308,6.981,6.65945,6.051,5.7,5.146
2019-06-14,7.511939999999995,6.34499,5.46,8.013,7.058349999999999,6.193,5.449,7.336,6.373509999999999,5.561,5.168999999999999,3.914,7.292,6.905810000000006,6.599,6.105,5.662
2019-06-15,7.06,6.574,6.052,8.272,7.0120900000000015,5.462,4.82,6.546,6.125,5.545,5.287,4.077,7.72,7.215670000000006,5.674,5.085,4.69
2019-06-16,7.675,6.611,5.972,7.591,6.403429999999997,5.287,4.762,6.278,5.993,5.533,5.242,3.998,7.191,6.566980000000002,5.104,4.692,4.512
2019-06-17,6.809,6.006,5.252,6.753,6.093589999999998,5.171,4.675,6.516,6.007,5.337,5.019,3.758,6.698,6.507850000000004,4.964,4.514,4.359
2019-06-18,6.372,5.809,5.332,7.014,6.269699999999993,5.526,5.024,6.575,6.115,5.289,4.771,3.474,6.825,6.5497600000000045,5.309,4.85,4.575
2019-06-19,7.09,5.936,5.259,7.0,6.345529999999992,5.599,5.078,6.275,5.877,4.897,4.539,3.285,6.993,6.5633300000000006,5.653,5.054,4.676
2019-06-20,6.095,5.387,5.197,7.102,6.823249999999999,5.497,4.948,7.069,6.165,5.284,4.716,3.448,7.428,6.66247,5.875,5.23,4.671
2019-06-21,6.563,5.955,5.556,8.137,7.16408,5.811,5.208,8.212,6.465,5.339,4.721,3.427,8.138,7.328020000000009,6.057,5.416,5.003
2019-06-22,7.381,5.769,5.265,9.146,7.785090000000006,5.393,4.758,8.703,6.278,4.679,4.541,3.31,8.11,7.361460000000009,5.752,5.136,4.933
2019-06-23,7.039,6.072,5.305,9.16,7.831330000000005,5.625,4.977,7.399,5.43,4.616,4.497,3.261,8.21,7.3727100000000085,5.717,5.141,4.942
2019-06-24,7.412,6.329,5.352,9.162,7.847420000000005,5.252,4.701,7.505,6.052,4.786,4.648,3.414,8.202,7.376960000000009,5.059,4.681,4.674
2019-06-25,8.269,7.213,6.471,8.971,7.6746300000000085,5.888,5.244,8.375,7.161,5.809,5.316,4.069,7.901,7.280270000000006,5.841,5.386,5.227
2019-06-26,10.434,9.966,8.245,8.788,7.795710000000007,6.682,6.092,8.559,7.815,6.894,6.436,5.212,8.359,7.751599999999999,6.952,6.079,5.5
2019-06-27,10.742,10.746,10.188,8.812,8.394929999999999,7.887,7.251,9.543,9.45,8.963,8.221,6.877,8.237,8.204509999999996,7.85,7.216,5.972
2019-06-28,11.13,11.007,9.92,9.361,8.945679999999994,7.97,7.4,10.556,10.373,10.063,9.344,8.114,8.398,8.4579,8.218,7.572,6.09
2019-06-29,11.539,11.321,10.72,10.786,10.349,9.734,9.13,10.861,10.688,10.362,9.162,7.674,10.405,10.047,9.335,8.781,7.877
2019-06-30,12.237,12.01,7.017,11.165,10.714,10.077,9.502,11.249,10.851,10.018,8.647,6.467,10.75,10.367,9.794,8.653,7.029
2019-07-01,12.777,12.245,7.961,12.153,11.611,10.801,10.157,13.094,12.223,10.821,9.159,7.572,11.35,10.95,10.246,9.105,6.972
2019-07-02,12.644,12.403,10.732,12.694,12.116,11.12,10.433,13.191,12.644,11.378,9.889,8.6,12.134,11.812,11.066,9.936,8.139
2019-07-03,13.234,12.999,11.155,12.961,12.238,11.4,10.733,12.731,12.096,11.365,10.563,9.292,12.288,11.869,11.14,10.219,8.053
2019-07-04,14.256,13.576,10.8,13.45,12.528,11.622,11.006,12.602,12.143,11.652,10.638,9.205,12.537,11.992,10.947,9.509,7.158
2019-07-05,14.524,13.293,9.652,13.607,12.309,11.213,10.519,13.296,12.072,10.838,9.147,7.747,12.977,11.981,10.34,9.025,7.313
2019-07-06,14.644,11.467,8.064,13.068,11.851,10.239,9.395,12.321,11.257,9.091,7.021,5.53,12.814,11.8,9.598,8.146,6.663
2019-07-07,11.871599999999999,8.034,6.792,12.097,10.394,8.308,7.418,12.327,10.081,7.457,6.261,4.892,12.568,11.133,8.422,6.675,5.67
2019-07-08,11.718,8.244,7.021,12.118,10.133,7.727,6.852,10.972,7.987,6.511,5.882,4.646,12.508,11.011,8.503,7.02,6.057
2019-07-09,9.712,8.02,6.479,12.05,9.213,7.027,6.287,8.953,7.471,6.244,5.53,4.288,11.61,9.707,7.039,5.856,5.291
2019-07-10,8.132,6.963,5.892,10.31,7.532,6.009,5.409,7.588,6.704,5.867,5.422,4.183,10.249,8.394,6.735,5.938,5.385
2019-07-11,8.393,7.462,6.242,10.913,8.81,6.792,6.088,9.222,7.467,6.199,5.408,4.15,10.188,9.031,7.507,6.526,5.804
2019-07-12,10.099,8.978,7.725,11.325,9.515,7.764,7.213,9.049,8.073,7.088,6.238,4.818,10.597,10.138,8.767,7.221,5.921
2019-07-13,10.995,10.589,8.729,11.398,10.09,7.912,6.95,11.125,10.236,8.839,7.629,6.139,10.587,9.988,8.773,6.765,5.712
2019-07-14,11.428,11.075,9.2,11.399,9.459,7.764,7.096,11.003,10.049,8.554,7.359,6.023,10.645,9.589,8.188,7.204,6.346
2019-07-15,12.575,10.471,7.75,11.911,9.921,7.998,7.291,11.238,9.83,8.06,6.758,5.4,10.961,8.816,7.107,6.03,5.375
2019-07-16,10.153,8.38,7.108,11.426,9.016,7.633,6.975,10.83,8.789,7.075,6.039,4.721,10.327,9.089,7.314,6.495,5.712
2019-07-17,11.862,9.137,7.288,11.074,9.188,7.367,6.546,8.878,7.482,6.298,5.562,4.252,10.332,9.076,7.335,6.431,5.612
2019-07-18,10.894,8.423,6.438,10.05,7.934,6.36,5.481,9.438,7.384,6.128,5.706,4.421,9.552,7.99,6.301,5.51,4.942
2019-07-19,8.114,7.267,6.392,9.618,8.07,6.872,6.271,10.66,7.983,6.602,5.788,4.43,9.495,8.058,6.942,6.175,5.454
2019-07-20,8.857,7.683,6.504,11.241,8.514,7.095,6.374,10.627,7.225,5.955,5.619,4.352,10.355,8.57,6.897,6.19,5.712
2019-07-21,8.909,7.698,6.796,10.68,8.285,6.881,6.258,7.559,6.689,5.932,5.704,4.496,8.908,7.501,6.36,5.48,5.092
2019-07-22,8.96,7.52,6.663,10.663,8.03,6.664,6.083,8.132,7.206,6.294,5.952,4.683,9.07,7.662,6.438,5.518,5.121
2019-07-23,8.356,7.609,6.575,9.957,8.099,6.983,6.388,8.805,7.666,6.512,6.096,4.833,8.76,7.762,6.775,6.051,5.621
2019-07-24,9.131,7.847,7.067,9.899,8.325,7.149,6.525,9.935,8.318,6.832,6.206,4.946,9.105,8.334,7.347,6.557,5.754
2019-07-25,9.35,8.515,7.962,10.249,8.616,7.175,6.55,9.885,8.577,7.276,6.692,5.471,9.767,8.998,7.927,7.369,6.788
2019-07-26,10.786,10.11,9.508,10.535,8.801,7.519,6.908,10.158,9.092,8.376,7.715,6.438,10.182,9.424,8.285,7.544,6.996
2019-07-27,14.175,13.206,9.514,11.566,9.658,8.1,7.471,11.351,10.528,9.794,8.899,7.557,10.71,9.878,8.771,7.959,7.192
2019-07-28,14.813,13.548,10.065,13.509,11.763,10.036,9.237,12.749,11.867,11.004,9.81,8.405,11.297,10.637,9.414,8.664,8.033
2019-07-29,15.242,14.163,10.645,15.076,13.116,11.046,10.196,12.94,12.112,11.098,9.543,7.906,12.007,11.424,10.419,9.45,8.383
2019-07-30,15.437,11.809,8.229,13.993,11.786,9.625,8.843,12.871,11.434,9.913,8.095,6.547,12.333,11.268,9.236,8.217,7.1
2019-07-31,14.721,10.314,8.225,13.075,11.086,9.24,8.404,12.308,11.094,8.955,7.169,5.892,12.178,11.105,9.256,8.334,7.163
2019-08-01,11.798610000000002,9.964,8.362,12.265,10.507,8.799,7.818,12.219,10.501,8.368,7.209,5.927,11.948,10.521,8.74,7.829,6.792
2019-08-02,11.502,9.321,7.996,11.996,9.798,8.245,7.581,11.844,9.747,7.909,7.253,5.996,10.546,9.033,7.513,6.298,5.796
2019-08-03,12.025,9.292,7.883,11.265,9.526,8.343,7.654,10.493,8.865,7.688,7.036,5.775,10.201,8.612,7.124,6.324,5.633
2019-08-04,12.336,9.641,7.612,10.662,9.211,7.77,6.948,9.005,8.251,7.43,6.808,5.567,9.189,8.247,6.955,6.208,5.608
2019-08-05,9.792,7.911,7.029,10.587,8.708,7.377,6.543,9.436,8.618,7.165,6.454,5.15,9.317,7.98,6.536,5.759,5.158
2019-08-06,8.499,7.43,7.042,9.953,8.512,7.186,6.509,8.732,8.032,6.61,5.955,4.675,8.643,7.475,6.449,5.845,5.354
2019-08-07,8.806,7.548,6.779,9.962,8.762,7.385,6.709,10.119,8.427,6.784,6.019,4.75,8.269,7.698,6.913,6.296,5.542
2019-08-08,9.371,8.143,7.321,10.289,9.228,7.966,7.23,10.81,8.823,7.092,6.441,5.15,9.28,8.667,7.851,7.136,6.171
2019-08-09,11.995,11.552,9.758,10.541,9.559,8.208,7.514,10.785,9.594,7.976,7.225,5.878,9.756,9.374,8.348,7.494,6.654
2019-08-10,12.987,11.65,8.891,10.82,9.563,8.046,7.438,11.359,10.02,8.244,7.476,6.246,10.049,8.97,7.519,6.831,6.333
2019-08-11,12.572,9.94,8.167,11.766,10.216,7.822,7.058,11.57,9.696,7.484,6.613,5.332,10.51,8.521,6.775,6.048,5.542
2019-08-12,9.838,8.528,7.25,11.133,9.396,7.114,6.383,10.566,8.237,6.258,5.677,4.373,9.53,8.193,6.295,5.835,5.525
2019-08-13,12.23,8.36,6.591,10.071,8.697,6.904,5.95,8.248,6.929,5.79,5.213,3.925,8.974,7.548,6.12,5.643,5.267
2019-08-14,7.333,6.37,5.663,9.225,7.658,6.455,5.757,8.997,7.266,5.918,5.228,3.942,7.949,7.046,5.987,5.471,4.917
2019-08-15,7.244,6.567,6.079,9.417,7.999,6.77,6.121,9.753,8.29,6.266,5.07,3.743,8.756,7.873,6.695,6.166,5.783
2019-08-16,8.674,6.949,6.292,9.948,8.53,7.21,6.522,9.912,7.843,6.107,5.076,3.779,9.466,8.593,7.329,6.512,5.825
2019-08-17,8.658,7.247,6.75,10.267,9.4,7.849,7.1,10.328,8.309,6.773,6.005,4.668,11.652,10.315,8.689,7.252,6.179
2019-08-18,9.947,8.873,7.779,10.873,9.767,7.969,7.225,10.845,8.465,6.958,6.328,4.916,11.528,10.412,8.154,6.763,5.858
2019-08-19,10.763,10.185,8.412,11.529,10.324,8.474,7.49,10.926,9.245,7.988,7.165,5.862,11.784,10.644,8.301,7.12,6.225
2019-08-20,11.891,11.231,8.165,12.106,10.178,8.5,7.817,10.733,9.501,8.257,7.416,6.1,11.419,10.018,8.464,7.265,6.158
2019-08-21,12.272,10.628,7.071,12.206,9.694,8.484,7.883,11.737,9.449,8.101,7.273,5.975,10.401,9.167,7.676,6.785,5.804
2019-08-22,13.072,11.566,7.443,12.088,10.645,9.071,8.396,10.521,9.361,7.89,6.577,5.265,10.104,9.428,8.369,7.545,6.708
2019-08-23,13.499,8.429,6.946,12.047,10.441,8.219,7.479,10.544,9.159,7.227,6.152,4.883,10.208,9.026,7.987,6.778,5.587
2019-08-24,9.525,7.766,6.625,12.259,9.653,7.634,6.814,12.777,8.709,6.905,5.922,4.573,9.515,8.455,7.486,6.599,5.467
2019-08-25,11.497,8.426,6.983,12.657,11.84,9.131,8.108,14.255,12.858,8.283,6.568,4.888,10.742,10.219,9.396,8.647,7.312
2019-08-26,11.582,10.881,8.339,13.391,13.064,11.444,10.463,13.681,13.418,10.913,8.467,6.608,12.733,12.4,11.59,10.765,8.792
2019-08-27,13.449,12.889,11.718,13.69,13.501,12.984,12.383,13.503,13.266,12.507,11.591,10.418,13.854,13.651,12.908,12.304,10.485
2019-08-28,14.905,14.67,13.104,13.591,13.238,12.642,12.1,13.994,13.529,12.537,11.88,10.692,13.453,12.946,11.711,10.691,9.543
2019-08-29,15.248,14.955,14.155,14.012,13.545,12.759,12.208,14.427,14.208,13.611,13.081,11.826,14.587,14.064,13.091,12.274,10.735
2019-08-30,15.861,15.424,14.077,14.698,13.876,12.851,12.114,14.657,14.382,14.06,13.062,11.862,14.634,14.117,12.885,11.814,9.97
2019-08-31,16.11,14.737,10.518,14.71,13.61,12.538,11.839,14.895,14.434,13.39,10.859,9.107,14.335,13.001,11.527,10.566,8.995
2019-09-01,15.047,12.879,10.217,14.696,13.967,12.718,12.074,15.385,14.881,12.884,10.563,9.023,14.826,14.034,12.278,10.669,8.786
2019-09-02,14.659,13.431,10.948,15.006,14.58,13.61,12.935,15.295,14.411,12.382,10.55,9.132,16.469,15.825,14.38,11.457,9.026
2019-09-03,14.822,14.155,11.917,15.725,15.029,13.551,12.691,14.893,13.992,12.61,11.248,9.745,16.516,16.04,11.113,12.244,9.078
2019-09-04,15.134,14.22,11.667,15.294,14.136,11.939,11.05,14.759,14.002,12.916,11.608,10.165,16.001,15.242,14.072,11.077,9.267
2019-09-05,15.212,13.881,11.5,15.171,13.885,12.395,11.625,15.105,14.347,12.74,11.185,9.539,15.859,14.66,12.374,10.68,9.362
2019-09-06,14.719,13.082,11.171,15.208,14.404,12.355,11.438,15.902,15.379,13.004,11.28,10.125,15.521,14.678,13.18,11.404,9.662
2019-09-07,15.203,15.001,14.586,15.318,15.149,14.747,14.188,15.206,15.095,14.74,14.1,13.015,16.136,16.06,15.364,15.706,14.438
2019-09-08,14.375,14.453,14.332,14.922,14.921,14.856,14.433,15.126,15.183,15.184,15.115,14.017,15.384,15.365,15.146,14.906,14.552
2019-09-09,14.978,15.014,14.642,15.153,15.047,14.911,14.479,15.362,15.424,15.3,15.165,14.121,15.321,15.246,14.879,14.547,13.642
2019-09-10,15.336,15.083,14.646,15.418,15.16,14.908,14.467,15.552,15.392,15.146,14.66,13.614,15.57,15.337,14.933,14.566,13.787
2019-09-11,15.93,15.674,14.339,15.443,15.103,14.584,14.112,15.46,15.266,14.937,13.803,12.725,15.297,15.145,14.462,13.66,11.95
2019-09-12,15.972,14.745,12.189,15.088,14.646,13.359,12.696,15.644,15.472,14.17,11.921,10.75,14.802,14.554,12.836,11.061,9.023
2019-09-13,15.285,14.338,12.145,14.832,14.49,13.829,13.188,15.639,15.453,14.354,12.053,10.507,14.649,14.396,13.741,12.732,10.3
2019-09-14,14.92,14.494,12.272,14.958,14.857,14.403,13.883,15.357,15.027,14.096,12.744,11.484,15.096,14.984,14.47,13.414,11.216
2019-09-15,15.161,14.894,13.0,15.113,14.839,13.748,12.987,14.733,13.961,12.86,11.354,9.99,15.028,14.583,13.141,11.306,9.608
2019-09-16,14.921,13.372,8.709,14.749,13.794,11.996,11.233,14.967,13.677,11.414,9.596,8.326,14.253,13.684,11.832,10.315,8.746
2019-09-17,13.34,11.015,7.429,14.266,13.643,12.156,11.225,14.692,13.277,11.014,8.367,7.215,13.914,13.597,12.766,11.803,10.296
2019-09-18,12.174,11.089,7.668,14.055,13.972,13.242,12.186,14.202,13.513,11.833,10.393,9.911,13.932,13.853,13.675,13.292,11.742
2019-09-19,13.061,12.482,10.826,13.983,13.937,13.775,13.271,13.64,13.539,13.377,12.557,11.352,13.928,13.912,13.773,13.566,12.875
2019-09-20,13.591,13.347,12.312,13.915,13.853,13.651,13.183,13.777,13.818,13.599,13.166,12.07,13.859,13.83,13.7,13.644,13.425
2019-09-21,14.036,13.927,13.367,14.282,14.14,13.855,13.367,14.083,13.909,13.395,13.091,11.996,14.207,14.073,13.756,13.572,13.15
2019-09-22,14.383,14.096,13.621,14.781,14.343,13.896,13.45,14.541,14.16,13.761,13.569,12.483,14.513,14.419,14.196,13.966,13.612
2019-09-23,14.567,14.535,14.341,14.659,14.531,13.575,12.958,13.918,13.572,13.119,12.438,11.288,14.486,14.381,13.586,12.61,11.743
2019-09-24,14.677,14.563,11.91,14.39,13.599,11.909,11.068,13.871,13.268,11.911,10.974,9.63,13.822,13.587,11.789,10.67,9.783
2019-09-25,14.774,13.097,9.522,13.772,13.068,11.206,10.508,13.965,12.857,11.47,9.929,8.476,13.703,12.861,11.537,10.566,9.467
2019-09-26,13.292,11.188,9.005,13.487,12.969,11.602,10.854,13.588,12.681,10.188,8.946,7.58,13.037,12.746,12.041,11.186,10.252
2019-09-27,13.841,12.772,9.562,13.351,12.748,11.293,10.318,12.7,11.624,10.255,9.045,7.773,12.961,12.578,11.462,10.327,9.675
2019-09-28,12.18,10.94,9.335,13.041,12.194,11.158,10.405,12.777,11.956,10.548,9.367,8.192,12.719,12.213,11.258,10.541,9.791
2019-09-29,12.959,11.65,9.462,12.843,12.154,11.026,10.381,12.184,11.629,10.276,9.318,8.013,12.474,12.132,11.416,10.759,10.457
2019-09-30,11.875,10.331,9.362,12.256,11.894,11.197,10.525,12.686,12.35,10.965,9.754,8.562,12.38,12.128,11.537,11.0,10.412
2019-10-01,11.317,11.087,10.433,12.218,12.001,11.499,10.975,11.748,11.399,10.531,9.963,8.729,12.808,12.581,12.146,11.794,11.07
2019-10-02,11.698,11.599,11.225,11.926,11.671,10.846,10.004,11.423,11.203,10.598,10.084,8.9,12.375,12.139,10.979,10.248,9.442
2019-10-03,11.511,11.396,10.237,11.184,10.915,10.499,9.979,11.452,11.352,11.025,10.562,9.375,11.28,11.184,10.88,10.448,9.608
2019-10-04,11.425,11.336,10.592,11.481,11.418,11.232,10.75,11.532,11.47,11.131,10.794,9.621,11.655,11.581,11.271,10.974,10.742
2019-10-05,11.056,11.054,10.771,11.663,11.608,11.494,11.054,11.393,11.398,11.374,11.069,9.909,11.918,11.787,11.508,11.352,11.2
2019-10-06,11.01,11.009,10.867,11.7,11.665,11.591,11.15,11.34,11.363,11.336,11.283,10.183,12.452,12.284,11.925,11.725,11.413
2019-10-07,11.711,11.699,11.596,11.806,11.781,11.679,11.204,11.4,11.359,11.271,11.243,10.183,12.15,12.158,12.005,11.873,11.579
2019-10-08,12.126,12.115,12.129,12.21,12.038,11.52,10.962,11.796,11.66,11.339,11.134,10.033,12.378,12.134,11.219,10.301,9.854
2019-10-09,12.33,12.284,11.846,12.021,11.861,11.433,10.883,12.112,12.037,11.717,11.546,10.429,11.834,11.641,11.07,10.601,9.975
2019-10-10,11.879,11.901,12.013,12.522,12.525,12.483,12.042,12.204,12.212,12.151,12.145,11.083,12.732,12.739,12.649,12.609,12.212
2019-10-11,11.837,11.872,12.021,12.62,12.625,12.598,12.179,12.493,12.5,12.464,12.486,11.433,12.786,12.795,12.714,12.687,12.712
2019-10-12,12.045,12.05,12.154,12.699,12.701,12.666,12.246,12.517,12.517,12.456,12.436,11.376,12.756,12.763,12.672,12.658,12.708
2019-10-13,12.44,12.343,12.354,12.934,12.912,12.837,12.413,12.882,12.832,12.721,12.66,11.6,12.964,12.939,12.821,12.758,12.688
2019-10-14,12.87,12.755,12.646,13.009,13.005,12.964,12.562,12.94,12.914,12.833,12.784,11.746,13.054,13.058,12.957,12.888,12.771
2019-10-15,13.147,13.148,13.038,13.101,13.093,13.054,12.638,12.932,12.913,12.829,12.757,11.696,13.146,13.16,13.066,13.041,12.925
2019-10-16,13.128,13.128,13.175,13.096,13.06,13.009,12.579,12.99,12.968,12.882,12.797,11.746,13.213,13.22,13.113,13.128,13.196
2019-10-17,13.171,13.18,13.279,13.113,13.107,13.065,12.638,13.035,13.034,12.986,12.993,11.942,13.179,13.196,13.129,13.154,13.225
2019-10-18,13.09,13.117,13.242,13.088,13.099,13.065,12.654,13.109,13.109,13.072,13.089,12.05,13.12,13.141,13.078,13.108,13.217
2019-10-19,12.846,12.868,13.0,12.923,12.938,12.915,12.529,12.917,12.934,12.932,13.0,11.987,12.968,12.994,12.912,12.903,12.904
2019-10-20,12.677,12.713,12.908,12.676,12.719,12.712,12.312,12.804,12.82,12.846,12.89,11.875,12.816,12.823,12.697,12.655,12.708
2019-10-21,12.644,12.682,12.879,12.655,12.737,12.717,12.3,12.728,12.812,12.838,12.858,11.821,12.679,12.701,12.608,12.602,12.688
2019-10-22,12.625,12.662,12.8,12.715,12.743,12.722,12.308,12.736,12.759,12.737,12.772,11.742,12.68,12.703,12.622,12.634,12.712
2019-10-23,12.64,12.68,12.817,12.714,12.733,12.694,12.304,12.688,12.703,12.662,12.697,11.658,12.695,12.719,12.646,12.669,12.746
2019-10-24,12.669,12.673,12.8,12.663,12.686,12.669,12.254,12.655,12.667,12.64,12.695,11.667,12.742,12.763,12.697,12.727,12.8
2019-10-25,12.601,12.628,12.771,12.637,12.667,12.649,12.208,12.559,12.602,12.612,12.671,11.625,12.71,12.727,12.656,12.686,12.771
2019-10-26,12.479,12.603,12.763,12.569,12.619,12.59,12.175,12.484,12.533,12.587,12.647,11.6,12.615,12.651,12.567,12.578,12.667
2019-10-27,12.282,12.339,12.612,12.351,12.429,12.413,12.008,12.297,12.347,12.443,12.576,11.542,12.416,12.465,12.399,12.44,12.554
2019-10-28,12.131,12.176,12.354,12.156,12.178,12.149,11.763,12.198,12.224,12.188,12.245,11.212,12.192,12.233,12.152,12.186,12.304
2019-10-29,11.906,12.093,12.3,11.941,12.03,12.025,11.625,11.981,12.034,12.063,12.226,11.2,12.157,12.178,12.049,12.07,12.171
2019-10-30,12.044,12.054,12.171,11.928,12.028,12.037,11.638,11.921,12.017,12.094,12.207,11.183,12.114,12.16,12.067,12.09,12.183
2019-10-31,12.021,12.061,12.225,12.065,12.11,12.099,11.692,12.09,12.151,12.143,12.196,11.162,12.159,12.204,12.115,12.138,12.233
2019-11-01,12.195,12.238,12.383,12.309,12.337,12.27,11.842,12.209,12.229,12.161,12.134,11.108,12.241,12.282,12.185,12.18,12.279
2019-11-02,12.058,12.092,11.183,11.694,11.523,10.591,9.983,12.04,12.059,11.664,11.328,10.237,11.734,11.626,10.821,10.29,10.013
2019-11-03,11.766,11.733,11.117,11.333,11.276,11.005,10.508,11.737,11.818,11.631,11.162,10.055,11.15,11.163,10.924,10.781,10.579
2019-11-04,11.539,11.386,11.062,11.198,11.219,11.047,10.575,11.566,11.596,11.233,10.895,9.742,11.018,11.028,10.818,10.648,10.525
2019-11-05,11.411,11.411,11.4,11.217,11.198,11.03,10.558,11.55,11.526,11.308,11.146,10.042,11.172,11.262,11.172,11.123,10.987
2019-11-06,11.423,11.423,11.454,11.221,11.211,10.934,10.421,11.536,11.483,11.195,10.996,9.929,11.149,11.179,11.004,10.701,10.654
2019-11-07,11.043,11.156,10.95,10.8,10.789,10.533,10.042,11.214,11.169,10.866,10.474,9.358,10.596,10.628,10.383,10.038,9.792
2019-11-08,10.902,10.892,10.763,10.522,10.496,9.769,9.192,10.988,10.972,10.575,10.002,8.888,10.386,10.407,10.209,9.923,9.721
2019-11-09,10.074,10.016,9.737,9.601,9.711,9.619,9.05,10.312,10.368,9.765,9.014,7.829,9.802,9.88,9.78,9.5,9.229
2019-11-10,9.627,9.644,9.775,9.332,9.55,9.5,9.054,10.061,9.972,9.59,9.449,8.308,10.05,10.105,9.962,9.704,9.525
2019-11-11,9.558,9.617,9.733,9.481,9.516,9.288,8.8,10.039,10.07,9.831,9.725,8.596,10.051,10.09,9.906,9.715,9.462
2019-11-12,9.86,9.973,10.212,9.722,9.725,9.502,9.013,10.071,10.121,10.052,9.983,8.867,10.008,10.05,9.927,9.884,9.825
2019-11-13,9.868,10.075,10.004,9.456,9.483,9.372,8.908,9.836,9.944,9.656,9.334,8.204,9.62,9.68,9.56,9.227,9.188
2019-11-14,9.039,9.431,9.483,8.424,8.802,8.963,8.513,8.96,9.184,9.012,8.975,7.825,9.217,9.198,8.99,8.875,8.8
2019-11-15,8.795,8.941,9.246,8.597,8.795,8.811,8.379,9.073,9.228,9.209,9.198,8.079,9.442,9.473,9.307,9.245,9.142
2019-11-16,8.633,8.941,9.208,8.371,8.524,8.639,8.237,8.78,8.926,8.953,9.053,7.962,8.99,9.043,8.906,8.783,8.821
2019-11-17,7.943,8.461,8.917,7.891,8.082,8.155,7.746,8.068,8.27,8.424,8.598,7.517,8.403,8.451,8.284,8.296,8.483
2019-11-18,7.776,7.898,8.45,8.262,8.29,8.227,7.783,8.046,8.135,8.085,8.241,7.15,8.904,8.955,8.844,8.805,8.721
2019-11-19,8.293,8.355,8.487,8.314,8.403,8.316,7.833,8.76,8.884,8.87,8.86,7.692,8.64,8.662,8.482,8.404,8.479
2019-11-20,8.64,8.714,8.688,9.057,9.255,9.011,8.5,8.64,8.964,9.011,8.958,7.817,9.473,9.496,9.215,8.784,8.35
2019-11-21,8.616,8.723,8.896,9.181,9.254,9.192,8.746,8.546,8.881,9.182,9.23,8.112,9.391,9.46,9.346,9.154,8.633
2019-11-22,8.644,8.678,8.717,8.681,8.913,8.95,8.55,8.703,8.871,8.964,9.128,8.033,9.456,9.518,9.352,9.227,8.804
2019-11-23,8.251,8.305,8.521,8.458,8.526,8.512,8.083,8.662,8.832,8.922,8.978,7.854,9.545,9.612,9.492,9.494,9.517
2019-11-24,7.865,8.019,8.362,8.335,8.572,8.714,8.329,8.416,8.611,8.741,8.944,7.842,9.447,9.522,9.415,9.458,9.562
2019-11-25,8.188,8.268,8.392,8.759,8.871,8.937,8.521,8.795,8.889,8.859,8.935,7.8,9.31,9.377,9.263,9.3,9.396
2019-11-26,8.091,8.256,8.487,8.254,8.594,8.985,8.65,8.724,8.903,8.968,9.126,8.012,9.314,9.382,9.276,9.308,9.425
2019-11-27,8.131,8.304,8.462,8.793620000000002,8.127030000000001,7.38119,6.76719,8.503089999999995,8.313410000000003,7.913139999999999,7.580010000000004,6.642689999999999,8.018020000000007,7.6912399999999925,7.125149999999999,6.747600000000005,6.3649100000000045
2019-11-28,8.131,8.398,8.896,8.903410000000003,8.230150000000002,7.555660000000004,6.714409999999997,8.605,8.708,8.743,8.935,7.826,8.147849999999998,7.993699999999998,7.265859999999998,6.809430000000003,6.469510000000005
2019-11-29,8.331,8.431,8.721,8.927240000000001,8.268379999999997,7.527040000000003,6.721029999999997,8.343,8.452,8.516,8.792,7.708,8.18066,7.96376,7.2562799999999985,6.800250000000002,6.472640000000001
2019-11-30,7.571,7.639,7.842,7.757209999999997,7.5595199999999965,7.069630000000001,6.3019700000000025,8.098,8.202,8.248,8.487,7.402,7.768160000000003,7.641779999999999,7.124399999999995,7.020889999999995,7.123889999999997
2019-12-01,7.201,7.318,7.825,7.4775899999999975,7.507009999999996,7.077279999999999,6.402670000000003,7.711,7.821,7.787,7.933,6.812,7.664899999999997,7.588120000000001,7.132119999999997,7.07941,7.236230000000002
2019-12-02,6.955,7.195,7.762,7.2625,7.33716,7.175299999999997,6.62853,7.02,7.161,7.31,7.542,6.43,7.6268099999999945,7.681860000000003,7.433259999999995,7.325920000000001,7.304320000000001
2019-12-03,7.086,7.243,7.512,7.432149999999998,7.4191899999999995,7.180469999999997,6.623459999999998,7.102,7.178,7.182,7.35,6.225,7.621469999999996,7.659620000000001,7.281239999999994,7.270009999999998,7.312330000000003
2019-12-04,7.235,7.399,7.617,7.459679999999999,7.451759999999998,7.086379999999997,6.419260000000001,7.077,7.389,7.645,7.903,6.789,7.626509999999999,7.660229999999999,7.255879999999996,7.260439999999997,7.3251300000000015
2019-12-05,7.329,7.514,7.746,7.442619999999997,7.493079999999997,7.0755799999999995,6.381360000000002,7.248,7.773,7.836,7.917,6.775,7.657349999999997,7.592810000000001,7.124849999999996,7.025049999999997,7.125409999999997
2019-12-06,7.393,7.666,7.983,7.4896299999999965,7.574639999999999,7.413689999999998,6.796350000000001,7.575,7.959,7.949,8.032,6.902,7.648870000000003,7.787829999999996,7.379849999999996,7.282269999999998,7.300159999999997
2019-12-07,6.994,7.337,7.979,7.3243999999999945,7.377699999999999,7.1099999999999985,6.378180000000002,7.128,7.425,7.851,8.02,6.89,7.624749999999995,7.717160000000002,7.387679999999996,7.30764,7.327600000000001
2019-12-08,6.756,6.951,7.462,7.09562,7.192839999999998,7.202170000000002,6.574139999999999,6.498,7.226,7.984,8.158,6.999,7.635639999999996,7.691170000000002,7.425029999999997,7.31117,7.352860000000001
2019-12-09,6.995,7.183,7.554,7.417729999999998,7.459319999999998,7.0797799999999995,6.362700000000002,7.682,7.975,8.046,8.129,6.987,7.660229999999998,7.7800199999999995,7.403499999999997,7.302720000000001,7.31015
2019-12-10,7.235,7.308,7.458,7.495139999999997,7.504169999999996,7.071720000000002,6.3894100000000025,7.709,7.802,7.791,7.916,6.789,7.670219999999996,7.597340000000002,7.137639999999996,7.078409999999998,7.231360000000002
2019-12-11,7.444,7.509,7.704,7.549699999999999,7.5137699999999965,6.970690000000001,6.357200000000003,7.788,7.879,7.872,7.923,6.792,7.689080000000002,7.601070000000001,7.1236799999999985,7.0554499999999996,7.135589999999997
2019-12-12,7.478,7.801,8.1,7.459869999999994,7.537399999999996,7.363659999999997,6.705509999999999,7.309,7.626,7.833,7.916,6.796,7.634000000000003,7.675599999999998,7.262069999999997,7.229089999999998,7.309269999999998
2019-12-13,7.277,7.65,8.033,7.379349999999993,7.48473,7.391689999999999,6.711059999999999,7.353,7.628,7.768,7.949,6.833,7.635649999999997,7.716070000000001,7.418799999999994,7.309499999999998,7.316319999999998
2019-12-14,7.206,7.33,7.608,7.482419999999999,7.52461,7.320769999999999,6.682850000000001,7.437,7.513,7.476,7.596,6.512,7.643919999999997,7.647939999999998,7.268589999999996,7.228509999999997,7.302510000000001
2019-12-15,7.384,7.456,7.567,7.481509999999998,7.5126599999999994,7.265469999999998,6.648540000000001,7.515,7.591,7.525,7.616,6.467,7.651649999999998,7.732089999999997,7.2634399999999975,7.224689999999998,7.286319999999998
2019-12-16,7.191,7.735,8.017,7.445019999999997,7.486139999999998,7.0630799999999985,6.341890000000003,7.489,7.889,8.078,8.198,7.062,7.639589999999999,7.674459999999999,7.249989999999996,7.221369999999996,7.30315
2019-12-17,7.836,8.292,8.471,7.950049999999997,7.6948799999999995,7.374799999999998,6.739829999999999,7.365,8.048,8.301,8.384,7.288,7.793350000000006,7.60097,7.095839999999997,6.861430000000002,6.741220000000001
2019-12-18,7.281,7.585,8.404,6.543,6.704,6.953,6.683,6.328,6.845,7.056,7.722,6.63,7.026,7.194,7.128,7.249,7.65
2019-12-19,6.906,7.142,7.938,6.189,6.488,6.679,6.371,6.333,6.852,7.253,7.747,6.654,6.639,6.815,6.86,7.102,7.458
2019-12-20,6.548,6.666,7.167,5.617,5.944,6.295,5.983,6.156,6.485,7.109,7.586,6.471,6.764,6.86,6.78,6.881,7.117
2019-12-21,6.371,6.478,6.767,5.846,6.22,6.365,6.029,5.992,6.482,7.375,7.629,6.504,6.494,6.613,6.506,6.53,6.512
2019-12-22,6.126,6.586,7.321,6.118,6.3,6.304,5.892,6.216,6.604,7.109,7.318,6.196,6.325,6.402,6.259,6.266,6.046
2019-12-23,6.14,6.311,6.596,6.187,6.429,6.477,6.042,6.552,6.837,6.955,7.075,5.958,6.332,6.412,6.276,6.26,6.296
2019-12-24,6.064,6.186,6.421,6.126,6.338,6.479,6.108,6.51,6.648,6.749,6.925,5.808,6.519,6.593,6.461,6.476,6.583
2019-12-25,5.755,5.949,6.317,5.901,6.066,6.154,5.792,6.212,6.489,6.659,6.811,5.663,6.418,6.53,6.426,6.49,6.671
2019-12-26,5.465,5.632,6.025,5.537,5.755,5.845,5.467,5.577,5.881,6.311,6.712,5.587,6.138,6.255,6.161,6.205,6.3
2019-12-27,5.487,5.559,5.729,5.384,5.56,5.585,5.175,5.472,5.763,5.983,6.347,5.275,5.847,5.942,5.805,5.807,5.842
2019-12-28,5.333,5.435,5.612,5.468,5.592,5.612,5.229,5.946,6.041,5.988,6.131,4.988,5.898,5.98,5.843,5.871,6.008
2019-12-29,5.407,5.535,5.746,5.451,5.611,5.676,5.3,5.626,5.774,5.768,5.894,4.717,5.972,6.059,5.934,5.97,6.125
2019-12-30,5.254,5.346,5.508,5.269,5.427,5.422,4.996,5.38,5.506,5.519,5.629,4.467,5.728,5.831,5.711,5.733,5.692
2019-12-31,5.101,5.197,5.342,5.244,5.315,5.23,4.796,5.181,5.259,5.16,5.233,4.054,5.399,5.485,5.35,5.387,5.558
2020-01-01,5.092,5.184,5.325,5.178,5.287,5.265,4.838,5.107,5.188,5.095,5.172,3.971,5.263,5.354,5.222,5.228,5.262
2020-01-02,4.917,5.068,5.238,4.862,5.16,5.334,4.896,5.041,5.176,5.146,5.218,4.017,5.397,5.482,5.339,5.353,5.488
2020-01-03,4.85,4.94,5.188,5.057,5.318,5.321,4.892,5.1,5.2,5.124,5.197,4.0,5.335,5.421,5.259,5.207,5.204
2020-01-04,4.771,4.951,5.267,5.26,5.422,5.363,4.904,5.144,5.248,5.148,5.22,4.012,5.349,5.437,5.281,5.291,5.421
2020-01-05,4.721,4.877,5.292,5.172,5.257,5.191,4.762,5.022,5.134,5.067,5.182,4.004,5.261,5.371,5.224,5.244,5.4
2020-01-06,4.508,4.657,5.008,4.707,4.845,4.801,4.367,4.717,4.881,5.029,5.344,4.175,5.144,5.259,5.152,5.199,5.3
2020-01-07,4.298,4.584,5.008,4.437,4.664,4.715,4.304,4.694,4.953,5.136,5.286,4.117,4.909,5.025,4.876,4.829,4.9
2020-01-08,4.238,4.519,5.008,4.478,4.701,4.736,4.321,4.386,4.602,4.862,5.135,3.954,4.844,4.945,4.81,4.853,5.046
2020-01-09,4.197,4.353,4.704,4.033,4.183,4.276,3.887,4.265,4.477,4.678,4.996,3.825,4.817,4.916,4.78,4.836,5.033
2020-01-10,3.843,4.031,4.283,3.945,4.198,4.369,3.983,4.399,4.525,4.519,4.8,3.629,4.616,4.728,4.575,4.614,4.817
2020-01-11,4.028,4.137,4.242,4.241,4.422,4.535,4.117,4.53,4.649,4.595,4.681,3.479,4.607,4.71,4.553,4.592,4.762
2020-01-12,4.393,4.521,4.663,4.994,5.09,5.065,4.621,4.871,4.951,4.835,4.904,3.708,4.69,4.803,4.67,4.749,4.962
2020-01-13,4.622,4.771,4.996,5.336,5.449,5.456,5.104,4.936,5.035,4.966,5.082,3.908,4.93,5.126,5.219,5.5,5.837
2020-01-14,4.55,4.821,5.138,5.058,5.162,5.1,4.671,4.674,4.842,4.83,4.957,3.788,5.265,5.389,5.298,5.386,5.708
2020-01-15,4.544,4.789,4.979,4.827,4.934,4.882,4.446,4.532,4.805,4.83,4.902,3.7,5.127,5.255,5.145,5.231,5.508
2020-01-16,4.422,4.612,4.854,4.654,4.763,4.697,4.275,4.576,4.816,4.76,4.847,3.692,4.941,5.064,4.918,4.964,5.175
2020-01-17,3.96,4.08,4.279,4.144,4.248,4.161,3.738,4.016,4.174,4.2,4.447,3.292,4.553,4.67,4.507,4.553,4.762
2020-01-18,3.28,3.437,3.629,3.507,3.636,3.563,3.129,3.594,3.765,3.82,4.097,2.896,4.122,4.25,4.114,4.106,4.075
2020-01-19,3.111,3.248,3.45,3.069,3.314,3.36,2.946,3.409,3.56,3.566,3.863,2.654,3.894,4.022,3.863,3.881,4.021
2020-01-20,2.953,3.197,3.479,3.03,3.32,3.514,3.104,3.222,3.413,3.484,3.751,2.529,3.886,4.024,3.878,3.928,4.133
2020-01-21,2.549,2.843,3.433,2.819,3.109,3.258,2.879,2.83,3.235,3.604,3.791,2.55,3.701,3.826,3.685,3.729,3.912
2020-01-22,2.383,2.592,3.104,2.595,2.8,2.814,2.396,2.61,3.071,3.446,3.814,2.592,3.417,3.555,3.421,3.42,3.467
2020-01-23,2.738,2.946,3.196,2.79,2.99,3.038,2.608,3.044,3.292,3.466,3.768,2.562,3.304,3.424,3.234,3.179,3.021
2020-01-24,2.709,2.905,3.183,3.019,3.279,3.35,2.925,3.223,3.484,3.57,3.704,2.5,3.398,3.519,3.345,3.365,3.567
2020-01-25,2.767,2.964,3.158,3.352,3.472,3.383,2.929,3.21,3.372,3.316,3.454,2.238,3.432,3.555,3.386,3.426,3.617
2020-01-26,2.958,3.096,3.25,3.4,3.507,3.391,2.929,3.182,3.275,3.132,3.199,1.967,3.457,3.583,3.401,3.44,3.629
2020-01-27,2.996,3.094,3.296,3.397,3.498,3.372,2.917,3.195,3.258,3.043,3.108,1.854,3.48,3.606,3.433,3.478,3.7
2020-01-28,2.992,3.111,3.279,3.445,3.553,3.45,3.0,3.167,3.258,3.131,3.243,1.979,3.461,3.603,3.438,3.482,3.7
2020-01-29,2.827,2.996,3.208,3.151,3.294,3.251,2.846,2.941,3.155,3.16,3.284,2.004,3.364,3.492,3.338,3.403,3.633
2020-01-30,2.552,2.692,3.046,2.776,2.924,2.869,2.454,2.679,2.838,2.858,3.198,1.983,3.108,3.254,3.103,3.159,3.387
2020-01-31,2.408,2.684,3.196,2.626,2.816,2.778,2.354,2.618,2.829,3.006,3.283,2.05,2.909,3.055,2.872,2.914,3.046
2020-02-01,2.553,2.776,3.137,2.845,3.035,2.989,2.554,2.704,2.918,2.942,3.159,1.892,2.937,3.094,2.956,3.028,3.229
2020-02-02,2.403,2.773,3.312,2.785,2.928,2.827,2.392,2.601,2.742,2.672,2.858,1.592,2.949,3.086,2.907,2.945,3.154
2020-02-03,2.672,2.927,3.238,2.663,2.876,2.807,2.383,2.651,2.82,2.854,3.013,1.738,2.865,3.006,2.833,2.887,3.104
2020-02-04,2.76,2.933,3.129,2.71,2.891,2.863,2.446,2.683,2.91,2.949,3.106,1.879,2.836,2.997,2.892,2.982,3.217
2020-02-05,2.751,2.934,3.1,2.803,2.95,2.851,2.396,2.759,2.976,2.937,3.066,1.8,2.894,3.042,2.878,2.951,3.2
2020-02-06,2.491,2.698,3.033,2.641,2.814,2.733,2.296,2.655,2.87,2.845,3.018,1.767,2.734,2.888,2.744,2.84,3.137
2020-02-07,2.414,2.577,2.775,2.532,2.632,2.516,2.046,2.531,2.637,2.518,2.635,1.367,2.648,2.787,2.595,2.627,2.825
2020-02-08,2.555,2.692,2.875,2.592,2.718,2.646,2.179,2.632,2.751,2.657,2.796,1.508,2.688,2.834,2.656,2.699,2.879
2020-02-09,2.333,2.668,3.017,2.328,2.591,2.716,2.346,2.34,2.514,2.625,3.096,1.904,2.403,2.575,2.496,2.608,2.883
2020-02-10,2.305,2.502,2.796,2.437,2.599,2.557,2.117,2.403,2.618,2.747,3.042,1.804,2.402,2.592,2.482,2.54,2.767
2020-02-11,2.241,2.482,2.758,2.626,2.819,2.799,2.371,2.552,2.748,2.719,3.025,1.829,2.546,2.713,2.557,2.624,2.871
2020-02-12,2.44,2.658,2.9,2.716,2.878,2.781,2.35,2.575,2.721,2.665,2.89,1.621,2.739,2.89,2.707,2.759,2.996
2020-02-13,2.525,2.7,2.929,2.705,2.877,2.813,2.358,2.709,2.951,3.015,3.278,2.029,2.758,2.924,2.763,2.833,3.054
2020-02-14,2.457,2.719,3.204,2.729,2.924,2.877,2.45,2.624,2.869,2.96,3.268,2.029,2.686,2.851,2.686,2.746,3.004
2020-02-15,2.347,2.797,3.338,2.178,2.409,2.386,1.954,2.079,2.384,2.944,3.353,2.092,2.415,2.586,2.418,2.559,2.929
2020-02-16,2.304,2.548,2.946,2.199,2.421,2.545,2.137,2.974,3.305,3.264,3.401,2.162,2.318,2.47,2.304,2.404,2.692
2020-02-17,2.401,2.675,3.129,2.562,2.898,3.019,2.6,3.046,3.29,3.221,3.36,2.104,2.503,2.726,2.661,2.788,3.033
2020-02-18,2.387,2.74,3.275,2.771,3.048,3.128,2.738,2.588,2.802,2.847,3.25,2.054,2.622,2.831,2.747,2.935,3.262
2020-02-19,2.73,2.903,3.079,2.8,2.927,2.839,2.408,2.704,2.832,2.738,2.897,1.621,2.659,2.807,2.589,2.608,2.833
2020-02-20,2.55,2.846,3.192,2.562,2.718,2.756,2.371,2.579,2.78,2.952,3.186,1.929,2.432,2.587,2.407,2.475,2.708
2020-02-21,2.389,3.023,3.554,2.206,2.544,2.653,2.246,2.171,2.412,2.691,3.076,1.862,2.323,2.487,2.322,2.393,2.638
2020-02-22,2.353,2.748,3.238,2.186,2.446,2.434,1.992,2.375,2.745,2.938,3.192,1.954,2.127,2.299,2.129,2.196,2.462
2020-02-23,2.324,2.631,3.15,2.47,2.644,2.602,2.15,2.88,3.153,3.164,3.292,2.042,2.085,2.251,2.06,2.097,2.312
2020-02-24,2.631,2.824,3.1,2.646,2.774,2.707,2.25,3.105,3.246,3.115,3.233,1.988,2.248,2.405,2.215,2.26,2.475
2020-02-25,2.844,3.008,3.146,2.787,2.903,2.77,2.317,3.158,3.278,3.124,3.22,1.967,2.403,2.577,2.39,2.431,2.654
2020-02-26,2.896,3.013,3.2,2.809,2.914,2.788,2.354,3.169,3.225,3.093,3.21,1.975,2.456,2.617,2.43,2.479,2.692
2020-02-27,3.061,3.099,3.175,3.033,3.15,2.976,2.517,3.218,3.247,3.074,3.176,1.917,2.417,2.577,2.357,2.38,2.562
2020-02-28,2.894,2.995,3.108,3.059,3.138,2.875,2.388,3.008,3.117,2.948,3.048,1.796,2.471,2.633,2.426,2.456,2.658
2020-02-29,2.875,3.012,3.146,2.779,2.791,2.546,2.054,2.918,3.018,2.879,3.015,1.758,2.308,2.452,2.2,2.191,2.383
2020-03-01,2.885,3.076,3.171,2.548,2.659,2.441,2.0,2.72,2.813,2.59,2.682,1.408,2.189,2.34,2.095,2.125,2.342
2020-03-02,2.696,2.835,2.992,2.343,2.44,2.307,1.862,2.541,2.682,2.542,2.64,1.392,2.138,2.305,2.096,2.173,2.458
2020-03-03,2.777,2.903,3.038,2.461,2.55,2.38,1.912,2.581,2.693,2.539,2.638,1.4,2.246,2.408,2.188,2.21,2.412
2020-03-04,2.913,3.051,3.137,2.711,2.807,2.609,2.121,2.774,2.778,2.574,2.678,1.417,2.362,2.522,2.296,2.303,2.504
2020-03-05,3.115,3.089,3.129,2.992,3.098,3.074,2.642,2.776,2.904,2.745,2.912,1.638,2.524,2.697,2.534,2.697,2.962
2020-03-06,2.952,3.082,3.333,3.091,3.408,3.491,3.142,2.92,3.064,2.993,3.299,2.104,2.732,2.956,2.873,3.031,3.363
2020-03-07,2.902,3.035,3.183,2.832,2.968,2.842,2.408,2.801,2.945,2.791,2.918,1.671,2.775,2.961,2.74,2.802,3.033
2020-03-08,2.531,2.67,2.788,2.404,2.541,2.418,1.971,2.514,2.655,2.542,2.795,1.554,2.465,2.655,2.449,2.496,2.733
2020-03-09,2.661,2.795,2.892,2.481,2.55,2.355,1.888,2.737,2.879,2.694,2.75,1.475,2.391,2.554,2.318,2.34,2.558
2020-03-10,2.895,3.004,3.083,2.638,2.697,2.489,2.008,2.958,3.017,2.78,2.85,1.567,2.372,2.536,2.303,2.336,2.567
2020-03-11,3.064,3.157,3.125,2.978,3.022,2.775,2.275,3.077,3.165,2.938,2.959,1.671,2.383,2.54,2.299,2.323,2.542
2020-03-12,3.24,3.163,3.208,2.957,3.009,2.807,2.325,3.219,3.311,3.026,2.984,1.704,2.505,2.647,2.395,2.399,2.588
2020-03-13,3.133,3.214,3.3,3.114,3.21,3.012,2.546,3.196,3.277,3.012,3.059,1.767,2.522,2.7,2.462,2.489,2.675
2020-03-14,3.347,3.388,3.408,3.268,3.356,3.117,2.633,3.228,3.335,3.093,3.146,1.892,2.739,2.894,2.6,2.586,2.767
2020-03-15,3.462,3.439,3.421,3.262,3.275,2.786,2.304,3.219,3.305,3.079,3.118,1.862,2.766,2.917,2.615,2.609,2.771
2020-03-16,3.195,3.301,3.367,2.987,3.042,2.82,2.375,3.266,3.37,3.157,3.15,1.883,2.695,2.862,2.596,2.606,2.792
2020-03-17,3.078,3.218,3.333,2.995,3.144,2.991,2.542,3.154,3.265,2.986,3.039,1.758,2.709,2.901,2.644,2.65,2.838
2020-03-18,3.155,3.28,3.375,2.995,3.026,2.797,2.342,3.219,3.234,2.9,2.908,1.633,2.711,2.892,2.625,2.633,2.821
2020-03-19,3.259,3.232,3.225,3.119,3.191,2.959,2.488,3.256,3.282,2.802,2.769,1.475,2.773,2.945,2.67,2.657,2.804
2020-03-20,3.281,3.369,3.383,3.252,3.346,3.133,2.692,3.259,3.356,3.057,3.066,1.783,2.858,3.042,2.771,2.784,2.958
2020-03-21,3.641,3.612,3.488,3.677,3.601,3.096,2.525,3.307,3.314,2.973,2.939,1.65,3.015,3.171,2.851,2.825,2.975
2020-03-22,3.46,3.332,3.167,3.327,3.234,2.96,2.496,3.505,3.545,3.113,2.954,1.642,2.928,3.102,2.801,2.786,2.908
2020-03-23,2.988,3.103,3.062,3.124,3.257,3.101,2.625,3.254,3.315,2.907,2.933,1.642,2.799,3.005,2.743,2.759,2.917
2020-03-24,3.156,3.289,3.325,3.241,3.356,3.178,2.725,3.299,3.419,3.156,3.136,1.842,2.976,3.173,2.912,2.937,3.113
2020-03-25,3.373,3.346,3.346,3.381,3.431,3.176,2.7,3.391,3.441,3.095,3.051,1.754,3.205,3.377,3.097,3.105,3.3
2020-03-26,3.287,3.391,3.367,3.239,3.356,3.172,2.725,3.399,3.523,3.239,3.232,1.963,3.094,3.293,3.032,3.06,3.229
2020-03-27,3.09,3.167,3.3,3.207,3.29,3.036,2.579,3.243,3.271,2.989,3.039,1.762,3.037,3.149,2.728,2.681,2.85
2020-03-28,3.104,3.151,3.25,3.285,3.179,2.907,2.429,3.197,3.112,2.764,2.764,1.483,2.92,3.005,2.56,2.515,2.688
2020-03-29,3.184,3.173,3.15,3.318,3.27,2.985,2.504,3.322,3.033,2.662,2.679,1.396,2.983,3.123,2.771,2.642,2.725
2020-03-30,3.321,3.402,3.404,3.4,3.517,3.287,2.804,3.466,3.556,3.199,3.152,1.85,3.145,3.342,3.073,3.05,3.15
2020-03-31,3.266,3.353,3.3,3.277,3.392,3.202,2.725,3.357,3.462,3.16,3.154,1.879,3.063,3.266,2.997,3.016,3.2
2020-04-01,3.211,3.309,3.342,3.354,3.472,3.255,2.771,3.311,3.411,3.09,3.005,1.696,3.055,3.274,2.997,2.971,3.058
2020-04-02,3.3,3.414,3.488,3.277,3.411,3.223,2.767,3.332,3.469,3.24,3.213,1.929,3.093,3.301,3.027,3.035,3.179
2020-04-03,3.236,3.371,3.512,3.534,3.675,3.508,3.058,3.435,3.592,3.4,3.477,2.217,3.305,3.516,3.245,3.276,3.438
2020-04-04,3.426,3.526,3.617,3.531,3.668,3.497,3.042,3.589,3.743,3.536,3.569,2.312,3.457,3.671,3.396,3.421,3.579
2020-04-05,3.608,3.659,3.758,3.52,3.592,3.364,2.904,3.677,3.756,3.389,3.31,2.038,3.465,3.572,3.172,3.082,3.196
2020-04-06,3.746,3.79,3.792,3.648,3.5,3.07,2.596,3.679,3.565,2.98,2.842,1.575,3.32,3.251,2.706,2.611,2.762
2020-04-07,3.564,3.343,2.9,3.52,3.204,2.762,2.267,3.73,3.293,2.431,2.322,1.105,3.2,3.074,2.303,2.216,2.417
2020-04-08,3.198,2.787,2.579,3.381,3.284,2.858,2.342,3.656,3.267,2.482,2.226,1.038,3.057,3.087,2.603,2.454,2.429
2020-04-09,3.495,3.062,2.846,3.829,3.833,3.393,2.867,3.822,3.602,2.828,2.388,1.095,3.306,3.447,3.075,3.011,3.108
2020-04-10,3.568,3.616,3.588,3.966,4.014,3.547,3.009,3.313,3.366,2.878,2.675,1.467,3.223,3.396,3.004,2.955,2.954
2020-04-11,3.228,2.916,2.796,3.286,2.748,1.91,1.371,3.047,2.557,1.816,1.74,0.6866299999999999,2.825,2.874,2.107,1.966,2.142
2020-04-12,1.889,1.769,1.808,2.916,2.582,1.96,1.475,2.262,1.877,1.552,1.67,1.038829999999999,2.617,2.739,2.285,2.215,2.412
2020-04-13,2.907,2.593,2.113,2.795,2.654,2.239,1.729,1.931,1.864,1.661,1.775,0.6394799999999997,2.674,2.826,2.46,2.416,2.583
2020-04-14,3.382,3.232,2.983,3.31,3.161,2.664,2.158,2.441,2.448,2.024,2.041,0.9,3.147,3.187,2.767,2.722,2.863
2020-04-15,3.078,2.371,2.225,3.315,3.041,2.667,2.162,2.859,2.751,2.31,2.277,1.015,3.207,3.302,2.841,2.747,2.879
2020-04-16,2.431,2.217,2.292,3.399,3.149,2.788,2.308,2.606,2.534,2.225,2.324,1.042,3.404,3.356,2.81,2.788,2.958
2020-04-17,2.464,2.334,2.412,3.264,3.059,2.668,2.158,2.507,2.537,2.335,2.427,1.142,3.306,3.342,2.863,2.819,3.004
2020-04-18,2.498,2.517,2.6,3.176,3.164,2.77,2.296,2.68,2.723,2.423,2.541,1.267,3.146,3.335,2.98,2.937,3.104
2020-04-19,2.713,2.732,2.729,3.031,3.115,2.856,2.379,2.754,2.882,2.662,2.754,1.475,3.161,3.372,3.079,3.092,3.246
2020-04-20,2.846,2.818,2.817,3.494,3.429,3.042,2.554,3.069,3.08,2.726,2.753,1.454,3.41,3.606,3.316,3.336,3.508
2020-04-21,3.28,3.012,2.817,3.557,3.422,3.122,2.625,3.378,3.346,2.907,2.866,1.562,3.552,3.707,3.36,3.366,3.525
2020-04-22,3.574,3.668,3.613,3.941,3.902,3.305,2.746,3.124,3.196,2.859,2.865,1.554,3.666,3.865,3.525,3.457,3.546
2020-04-23,3.553,3.371,3.067,3.803,3.779,3.228,2.646,3.068,3.136,2.811,2.831,1.542,3.554,3.748,3.407,3.376,3.512
2020-04-24,3.669,3.219,3.067,3.614,3.697,3.427,2.962,3.067,3.115,2.816,2.899,1.608,3.677,3.886,3.615,3.663,3.867
2020-04-25,3.341,3.158,3.104,3.747,3.678,3.399,2.933,3.178,3.283,3.025,3.08,1.787,3.808,3.974,3.665,3.694,3.896
2020-04-26,3.621,3.283,3.208,3.957,3.784,3.463,3.0,3.333,3.296,2.992,3.022,1.721,4.166,4.268,3.813,3.755,3.904
2020-04-27,4.039,4.133,4.017,4.047,4.167,3.914,3.45,3.818,3.82,3.477,3.5,2.225,4.008,4.239,3.939,3.957,4.112
2020-04-28,3.654,3.754,3.817,3.9,4.031,3.819,3.371,3.821,3.988,3.739,3.772,2.533,3.924,4.147,3.836,3.851,4.004
2020-04-29,3.767,3.867,3.917,3.903,3.978,3.753,3.312,3.966,4.059,3.691,3.669,2.438,3.741,3.952,3.632,3.639,3.821
2020-04-30,4.072,4.102,4.004,4.243,4.279,3.945,3.479,4.09,4.033,3.574,3.595,2.358,4.03,4.204,3.847,3.824,3.975
2020-05-01,4.494,4.517,4.346,4.525,4.573,4.252,3.758,4.149,4.226,3.807,3.758,2.496,4.111,4.346,4.034,4.04,4.217
2020-05-02,4.893,4.836,4.738,5.051,4.953,4.426,3.921,4.597,4.472,3.934,3.871,2.625,4.651,4.729,4.227,4.066,4.15
2020-05-03,4.721,4.438,4.058,4.948,4.727,4.262,3.75,4.869,4.65,4.137,3.989,2.712,4.5,4.579,4.125,4.029,4.071
2020-05-04,4.859,4.611,4.388,5.15,4.913,4.457,3.983,4.79,4.612,4.087,4.022,2.779,4.559,4.704,4.298,4.23,4.229
2020-05-05,5.13,4.754,4.512,5.338,5.041,4.297,3.796,4.964,4.496,3.851,3.818,2.579,4.638,4.752,4.149,4.014,4.138
2020-05-06,4.43,4.253,4.121,4.969,4.943,4.556,4.033,4.867,4.638,3.584,3.509,2.238,4.543,4.683,4.175,4.021,4.042
2020-05-07,4.846,4.674,3.996,4.938,4.88,4.384,3.912,5.105,4.873,4.129,3.882,2.571,4.425,4.578,4.136,4.041,4.142
2020-05-08,4.577,4.349,4.054,5.126,5.161,4.744,4.267,4.895,4.929,4.254,3.852,2.608,4.563,4.73,4.307,4.234,4.325
2020-05-09,4.987,5.035,4.858,5.069,4.918,4.334,3.783,4.543,4.503,3.862,3.734,2.479,4.368,4.549,4.113,4.01,4.15
2020-05-10,4.901,4.81,4.567,4.544,4.615,3.993,3.387,3.668,3.72,3.351,3.382,2.117,4.113,4.341,3.922,3.781,3.838
2020-05-11,5.133,4.195,3.517,4.39,4.158,3.737,3.271,3.78,3.724,3.327,3.403,2.142,4.284,4.307,3.838,3.804,3.954
2020-05-12,5.135,4.277,3.613,4.627,4.56,4.082,3.588,4.177,4.091,3.518,3.469,2.2,4.449,4.485,3.984,3.959,4.125
2020-05-13,4.064,3.668,3.704,4.93,4.821,4.166,3.654,4.465,4.122,3.408,3.531,2.279,4.526,4.658,4.232,4.181,4.337
2020-05-14,4.103,3.802,3.75,4.925,4.952,4.326,3.788,4.292,4.175,3.678,3.745,2.517,4.625,4.862,4.522,4.484,4.608
2020-05-15,4.201,4.082,3.9,4.974,4.935,4.585,4.104,4.487,4.415,3.986,3.998,2.779,4.883,5.079,4.713,4.652,4.717
2020-05-16,4.759,4.658,4.171,5.118,5.09,4.77,4.275,4.891,4.911,4.423,4.371,3.121,4.985,5.196,4.844,4.845,4.954
2020-05-17,4.879,4.629,4.342,5.141,5.144,4.92,4.467,4.99,5.065,4.559,4.499,3.275,5.188,5.34,4.979,4.963,5.108
2020-05-18,5.199,4.901,4.558,5.417,5.184,4.874,4.413,5.062,4.739,4.268,4.316,3.108,5.381,5.525,5.077,5.037,5.2
2020-05-19,5.87,4.758,4.538,5.648,5.554,5.081,4.55,5.79,5.358,4.552,4.514,3.271,5.513,5.686,5.277,5.225,5.367
2020-05-20,5.617,5.117,4.938,6.317,5.996,5.525,5.042,6.021,5.588,4.823,4.694,3.458,5.926,6.069,5.668,5.678,5.775
2020-05-21,6.327,6.023,5.671,6.57,5.983,5.288,4.771,5.714,5.35,4.703,4.639,3.408,6.358,6.243,5.449,5.244,5.354
2020-05-22,7.115,6.418,5.725,6.523,5.867,4.732,4.179,5.416,5.071,4.557,4.554,3.325,5.838,5.753,4.847,4.596,4.717
2020-05-23,7.362,6.016,5.429,5.77,5.4,4.656,4.129,6.56,6.177,5.089,4.945,3.679,5.47,5.581,5.008,4.763,4.783
2020-05-24,6.033,5.658,5.396,5.945,5.923,5.547,5.046,6.529,6.454,5.911,5.511,4.208,5.851,6.04,5.578,5.497,5.404
2020-05-25,6.54,6.145,5.775,6.651,6.641,6.351,5.888,6.907,6.785,5.746,5.152,3.871,6.097,6.265,5.817,5.724,5.783
2020-05-26,7.049,6.663,6.092,7.263,7.152,6.73,6.242,7.113,6.533,5.439,5.145,3.879,6.471,6.601,6.095,5.973,6.012
2020-05-27,7.41,6.975,6.354,7.564,6.973,6.171,5.65,6.357,5.81,5.148,5.075,3.871,6.8,6.71,6.128,6.002,6.083
2020-05-28,8.68,8.069,6.904,7.568,6.919,5.703,5.125,5.72,5.517,5.095,5.052,3.838,7.022,6.747,5.924,5.675,5.771
2020-05-29,9.375,8.223,6.188,7.193,6.597,5.352,4.691,6.012,5.7,4.97,4.779,3.521,6.383,6.359,5.525,5.211,5.254
2020-05-30,9.12,7.726,5.533,6.595,6.241,5.123,4.567,5.39,5.289,4.609,4.416,3.171,6.268,5.94,5.128,4.911,4.946
2020-05-31,9.142,6.283,4.996,6.38,5.699,4.913,4.352,6.109,5.738,4.523,4.276,3.025,5.93,5.661,4.824,4.704,4.788
2020-06-01,6.878,4.788,4.442,7.098,6.054,5.218,4.621,7.818,6.557,4.299,4.059,2.825,6.125,5.752,4.918,4.769,4.854
2020-06-02,5.414,4.642,4.242,6.642,6.608,6.146,5.638,7.729,5.668,4.064,4.08,2.85,5.945,6.069,5.454,5.098,5.046
2020-06-03,5.098,4.679,4.508,6.763,6.478,5.616,5.021,5.611,4.96,4.157,4.139,2.896,6.071,6.152,5.537,5.31,5.262
2020-06-04,6.008,5.686,4.967,6.397,5.996,5.342,4.783,5.385,5.168,4.422,4.259,3.012,6.125,6.111,5.48,5.34,5.362
2020-06-05,6.805,6.43,5.283,6.781,6.256,5.434,4.896,5.769,5.586,4.68,4.419,3.137,6.236,6.192,5.447,5.303,5.362
2020-06-06,6.572,5.846,4.929,6.433,6.084,5.432,4.904,5.73,5.61,4.852,4.579,3.3,6.092,6.044,5.55,5.439,5.521
2020-06-07,7.717,5.562,4.983,6.578,6.209,5.544,5.029,6.552,6.159,5.076,4.603,3.317,6.174,6.016,5.517,5.426,5.483
2020-06-08,6.183,5.303,5.012,6.88,6.722,6.203,5.587,7.902,7.113,4.727,4.492,3.246,6.392,6.446,5.867,5.688,5.758
2020-06-09,6.133,5.449,5.108,7.373,7.176,6.526,5.942,7.339,6.311,5.09,4.765,3.517,6.649,6.659,6.125,5.92,5.892
2020-06-10,7.034,6.866,5.612,7.561,7.254,6.457,5.821,7.211,6.477,5.335,5.131,3.9,6.888,7.071,6.537,6.295,6.271
2020-06-11,7.177,7.09,5.967,7.827,7.546,6.746,6.2,7.246,7.1,6.175,5.719,4.467,7.584,7.777,7.396,7.336,7.175
2020-06-12,7.27,7.047,6.512,8.307,7.845,6.62,6.012,6.988,6.865,5.997,5.645,4.396,7.605,7.592,6.697,6.251,6.058
2020-06-13,7.418,7.163,6.625,7.85,7.251,5.977,5.4,7.06,6.752,5.901,5.704,4.462,6.844,6.622,5.823,5.663,5.712
2020-06-14,8.757,7.711,6.371,8.159,7.28,6.416,5.871,8.009,7.585,6.622,6.385,5.121,6.895,6.893,6.218,5.982,5.938
2020-06-15,8.26,7.526,6.5,8.061,8.094,7.681,7.142,8.946,8.39,7.26,6.894,5.683,7.843,8.007,7.361,7.152,6.762
2020-06-16,8.162,7.845,7.413,8.598,8.534,8.09,7.592,8.459,7.937,7.114,6.686,5.492,8.165,8.149,7.559,7.248,7.046
2020-06-17,8.182,7.977,7.95,9.348,8.863,8.126,7.55,8.573,7.964,7.189,6.836,5.633,8.541,8.494,7.753,7.345,7.029
2020-06-18,10.209,9.322,8.776,9.95,8.98,7.954,7.396,8.661,8.116,7.356,7.071,5.871,8.987,8.871,7.884,7.305,6.896
2020-06-19,10.818,9.998,8.733,10.05,8.661,7.275,6.679,8.832,8.092,7.07,6.788,5.592,9.103,8.475,7.009,6.591,6.408
2020-06-20,10.402,8.985,7.062,9.526,8.071,6.661,6.071,8.339,7.63,6.803,6.26,4.971,8.659,8.107,6.748,6.238,6.012
2020-06-21,11.406,8.584,6.279,8.599,7.756,6.472,6.329,9.529,8.662,7.676,6.855,5.374,8.657,8.283,7.115,6.687,6.238
2020-06-22,11.009,7.587,6.121,9.116,9.174,8.652870000000004,8.167,10.28,10.095,8.819,7.308,5.625,9.219,9.295,8.6,8.078,7.283
2020-06-23,10.192,8.925,7.746,9.974,9.976,9.492089999999992,8.895,10.441,9.666,8.345,7.369,6.05,9.952,10.045,9.366,8.914,8.317
2020-06-24,10.652,10.04,8.733,10.419,9.802,8.723050000000008,8.162,9.874,9.276,8.157,7.618,6.325,10.395,10.357,9.601,9.19,8.858
2020-06-25,11.144,9.722,8.508,10.477,9.749,8.488040000000005,7.846,9.72,9.136,8.279,7.754,6.479,10.139,9.712,8.701,8.012,7.458
2020-06-26,10.881,9.395,8.408,10.644,9.775,8.39586,7.708,9.848,9.05,7.944,7.514,6.288,9.616,9.029,7.902,7.299,6.892
2020-06-27,10.633,9.404,8.312,10.38,9.263,8.052940000000005,7.404,9.359,8.598,7.694,7.429,6.221,9.283,8.967,7.987,7.402,6.983
2020-06-28,11.517,8.978,7.988,9.943,9.063,8.014590000000002,7.3,9.14,8.641,7.729,7.405,6.129,8.9,8.6,7.825420000000005,7.224,6.975
2020-06-29,11.442,9.174,8.175,9.893,8.99,7.920960000000003,7.246,9.889,9.177,8.095,7.44,6.167,8.993,8.655,7.834330000000005,7.25,6.779
2020-06-30,11.874,9.7,7.8,10.297,10.07,9.13314,8.358,11.786,11.386,9.058,8.007,6.655,10.371,10.288,9.562099999999996,8.918,8.329
2020-07-01,11.109,10.103,9.254,11.008,10.843,10.279040000000004,9.592,11.8,10.974,9.429,8.782,7.475,10.909,10.752,10.005579999999997,9.044,8.242
2020-07-02,11.607,10.914,10.233,11.302,10.507,9.524999999999986,8.846,11.392,10.466,9.109,8.724,7.521,10.523,10.026,8.80758,7.795,7.1
2020-07-03,12.945,11.702,9.321,11.112,10.291,9.415719999999988,8.721,11.086,10.299,9.063,8.534,7.279,10.201,9.635,8.349910000000007,7.438,7.038
2020-07-04,12.708,10.535,8.925,11.16,10.85,10.211290000000005,9.317,11.857,11.312,9.765,8.73,7.31,10.901,10.713,10.080059999999998,9.135,8.271
2020-07-05,11.843,11.186,10.212,11.869,11.656,10.814100000000014,10.224,11.891,11.361,10.17,9.15,7.773,11.676,11.602,10.477060000000003,9.621,8.185
2020-07-06,11.864,11.599,10.4,12.248,12.002,11.118649999999997,10.476,12.301,11.861,10.766,10.037,8.742,12.005,11.957,10.610240000000001,9.838,8.143
2020-07-07,12.428,12.165,10.838,12.477,12.23,11.434499999999996,10.786,12.646,12.444,11.56,10.614,9.317,12.172,12.06,11.08297,10.143,9.079
2020-07-08,13.201,13.079,11.779,13.008,12.556,12.050349999999995,11.254,12.86,12.786,11.944,10.986,9.786,12.518,12.489,11.688520000000004,10.608,9.564
2020-07-09,13.826,13.709,7.9,13.355,12.776,11.333609999999997,10.761,13.187,12.997,11.629,10.492,9.032,12.538,12.006,10.933679999999995,9.689,8.783
2020-07-10,14.373,12.829,8.752,12.973,12.09,11.17174999999999,10.367,13.422,12.579,10.608,8.047,6.7,11.852,11.019,10.014739999999998,8.85,8.3
2020-07-11,14.243,10.651,8.45,13.064,11.975,10.353830000000002,9.722,13.146,12.34,9.699,7.505,6.05,11.835,11.53,10.394390000000005,9.393,8.126
2020-07-12,15.088,13.02,9.248,13.437,12.289,10.309470000000001,9.377,12.671,11.815,9.006,7.417,6.104,12.217,11.979,9.806079999999998,8.668,7.242
2020-07-13,15.413,11.339,7.596,12.47,10.345,7.855680000000003,7.15,11.2,9.531,7.584,6.668,5.368,11.165,9.006,7.010759999999997,5.988,5.625
2020-07-14,15.57,8.0,6.604,10.332,8.507,7.218949999999998,6.579,11.24,8.968,7.08,5.887,4.567,9.403,7.944,6.611089999999997,5.953,5.696
2020-07-15,11.62,7.65,6.317,11.249,10.207,8.494379999999996,7.539,15.378,11.101119999999998,7.631,6.176,4.843,11.525,10.617,8.803610000000004,7.774,6.8
2020-07-16,11.054,8.964,6.654,12.562,12.131,9.933819999999988,9.179,14.602,9.666,6.93,6.028,4.754,11.908,11.33,8.949789999999997,7.973,6.875
2020-07-17,11.095,10.443,8.783,13.268,12.617,9.771639999999993,8.962,12.183,10.69,8.532,7.525,6.126,12.083,11.487,8.916570000000002,7.799,6.704
2020-07-18,12.623,12.138,10.381,13.559,12.017,8.26971,7.289,11.763,10.967,9.808,8.987,7.67,12.168,11.424,8.76055,7.502,6.667
2020-07-19,13.375,12.63,9.381,12.123,10.629,8.706979999999994,7.933,11.88,10.689,9.794,9.098,7.9,10.985,9.706,8.400230000000006,7.243,6.667
2020-07-20,14.084,12.622,8.568,11.724,10.739,9.261659999999996,8.587,10.346,10.132,8.854,7.27,5.841,10.428,9.835,8.695380000000002,7.833,7.175
2020-07-21,13.8,9.49,7.171,11.258,10.227,8.671520000000005,8.017,11.495,10.009,7.799,6.47,5.059,9.556,8.897,7.821150000000004,6.91,6.167
2020-07-22,10.732,9.011,7.15,10.825,9.704,8.370230000000003,7.682,10.899,8.756,6.738,5.701,4.29,10.014,9.248,8.071449999999999,7.152,6.478
2020-07-23,10.39,8.392,6.612,10.414,9.603,8.35133,7.775,10.055,8.035,6.377,5.518,4.217,9.823,9.054,7.722739999999998,6.688,6.065
2020-07-24,10.188,7.541,6.325,10.298,9.335,7.9413200000000055,7.371,9.172,7.962,6.223,5.49,4.148,9.014,8.492,7.037609999999998,6.193,5.7
2020-07-25,9.434799999999997,7.314,6.396,10.509,9.252,7.933690000000006,7.367,9.306,7.574,5.991,5.284,3.978,8.939,8.388,7.2482399999999965,6.463,6.1
2020-07-26,8.804440000000001,7.219,6.3,10.153,9.142,7.6211400000000005,6.9,8.364,6.815,5.78,5.28,3.971,8.989,8.444,7.271919999999999,6.683,6.383
2020-07-27,10.936,6.765,5.837,9.161,8.185,6.892179999999996,6.271,7.04,6.573,5.688,5.097,3.705,9.329,8.813,8.07891,7.58,7.075
2020-07-28,9.941620000000011,7.19,5.908,9.034,7.923,6.69622,6.067,6.577,6.251,5.465,4.892,3.596,8.952,8.565,7.556289999999997,7.259,6.958
2020-07-29,9.903770000000009,6.703,5.675,9.182,7.913,6.390790000000003,5.759,6.662,6.181,5.386,4.784,3.488,9.102,8.569,7.547509999999996,7.249,7.021
2020-07-30,8.699,6.6,5.767,8.974,7.762,6.58312,5.958,7.07,6.265,5.265,4.844,3.558,8.891,8.475,7.364259999999996,7.023,6.738
2020-07-31,9.355820000000005,6.925,5.971,9.266,8.193,6.846249999999997,6.221,7.251,6.499,5.477,4.987,3.692,9.506,9.029,7.955360000000002,7.477,7.012
2020-08-01,7.213,6.457,5.883,9.542,8.281,6.841559999999995,6.21,7.52,6.827,5.574,5.08,3.812,9.122,8.564,7.366619999999996,6.871,6.683
2020-08-02,7.38,6.462,6.092,8.949,7.923,6.883859999999998,6.308,7.673,6.752,5.676,5.336,4.117,9.584,8.741,7.610949999999997,7.079,6.917
2020-08-03,9.603,7.663,6.717,9.638,8.561,7.070129999999997,6.37,7.302,6.667,5.853,5.547,4.325,9.728,9.116,7.946080000000006,7.439,7.042
2020-08-04,10.164,8.167,7.05,9.445,8.209,6.6510799999999985,6.0,7.356,6.551,5.904,5.725,4.492,8.615,8.064,6.867389999999995,6.346,6.004
2020-08-05,10.135,7.841,6.871,8.915,7.82,6.788229999999996,6.217,7.744,7.187,6.302,5.895,4.638,8.693,8.327,7.231279999999999,6.739,6.442
2020-08-06,10.184,7.551,6.446,9.742,8.297,6.939829999999993,6.304,8.083,7.135,6.262,5.726,4.471,8.575,8.098,7.1206499999999995,6.658,6.265
2020-08-07,10.532,6.708,6.087,9.063,7.868,6.750409999999999,6.158,8.761,6.793,5.686,5.375,4.096,8.861,8.186,7.198859999999999,6.818,6.346
2020-08-08,8.594,6.602,5.954,8.589,7.835,7.04205,6.404,8.285,6.849,5.814,5.373,4.1,9.82,9.231,8.014910000000002,7.407,6.837
2020-08-09,7.356,6.627,5.946,9.705,8.393,7.13486,6.404,8.376,6.893,5.866,5.255,4.008,9.838,9.204,7.8591600000000055,7.329,6.871
2020-08-10,10.474,6.866,5.754,9.34,8.121,6.660739999999999,6.054,6.74,6.12,5.366,5.05,3.796,9.536,8.992,7.6648700000000005,7.146,6.862
2020-08-11,9.402,6.207,5.283,8.697,7.571,6.232749999999997,5.558,7.04,6.342,5.476,5.112,3.846,8.89,8.538,7.19313,6.76,6.312
2020-08-12,9.065,6.17,5.467,8.798,7.634,5.832470000000003,5.267,6.971,6.341,5.522,4.968,3.658,9.179,8.258,6.288940000000001,5.791,5.337
2020-08-13,9.154,6.324,5.637,8.907,7.619,5.835560000000003,5.273,7.397,6.319,5.27,4.876,3.588,8.65,7.922,6.192080000000001,5.729,5.429
2020-08-14,8.284,6.224,5.458,8.223,6.981,5.943590000000001,5.296,7.327,6.164,5.2,4.852,3.592,8.677,7.967,6.556180000000001,6.096,5.638
2020-08-15,8.169,7.418,5.383,8.861,8.08,6.579950000000002,5.917,11.13,9.622,7.603,5.769,4.225,8.506,8.401,7.571409999999998,7.262,6.178
2020-08-16,8.725,7.65,6.433,9.942,9.812,8.914900000000003,8.333,11.252,9.972,7.479,6.738,5.496,10.462,10.352,9.700999999999999,9.079,8.188
2020-08-17,11.288,10.874,8.591,10.967,11.038,10.796770000000011,10.187,11.998,11.79,10.244,9.431,7.827,11.78,11.788,10.560280000000002,9.69,8.178
2020-08-18,11.981,11.639,10.296,12.357,12.341,12.102689999999994,11.383,12.731,12.848,12.362,12.077,10.95,12.095,12.153,11.624580000000002,10.644,8.971
2020-08-19,13.038,12.795,12.308,12.73,12.739,12.467769999999994,11.929,12.956,12.935,11.941,11.68,10.5,12.523,12.764,12.451549999999992,11.807,11.442
2020-08-20,14.198,13.94,13.479,13.086,13.067,12.629529999999995,12.142,13.057,12.517,12.176,11.94,10.837139999999998,12.872,12.988,12.701839999999995,11.998,11.612
2020-08-21,14.583,14.401,13.85,13.39,13.282,12.640070000000007,12.104,13.325,12.898,12.557,12.088,10.940459999999998,13.165,13.229,12.649419999999996,12.024,11.53
2020-08-22,15.045,14.574,12.979,13.495,13.134,12.406789999999999,11.578,13.496,13.155,12.734,11.921,10.920970000000004,13.215,13.249,12.421979999999998,11.36,10.014
2020-08-23,14.979,13.896,12.257,13.584,13.028,12.15249,11.305,13.93,13.426,12.62,11.313,10.131270000000002,13.774,13.585,12.417950000000001,11.042,9.638
2020-08-24,15.2,14.063,10.965,13.72,13.0,11.697589999999996,10.857,14.093,13.372,11.962,10.621,9.284770000000007,14.2,13.768,11.379080000000002,9.935,8.506
2020-08-25,15.406,13.853,10.745,13.376,12.453,10.793720000000008,10.132,13.412,12.624,11.492,10.154,9.175610000000002,13.693,13.062,10.947870000000005,9.453,8.296
2020-08-26,14.387,12.639,9.426,13.477,12.853,10.888440000000003,10.062,13.787,12.88,9.954,8.651,7.318830000000003,12.71,11.516,9.594130000000002,8.13,7.509
2020-08-27,12.383,11.009,9.075,12.631,12.324,8.875850000000005,8.217,11.366,8.415,7.87,7.086,5.845399999999995,10.795,10.231,8.490420000000011,7.285,6.587
2020-08-28,11.713,9.206,7.187,11.152,9.481,6.859150000000003,6.138,9.642,8.275,6.782,5.988,4.710920000000001,9.71,9.17,7.348660000000001,6.435,6.117
2020-08-29,10.905,8.745,7.188,10.2,8.81,7.145729999999998,6.413,10.077,8.531,6.731,5.712,4.4204200000000045,9.323,8.599,7.25664,6.45,5.896
2020-08-30,10.73,9.486,7.925,10.452,9.841,7.883420000000002,7.057,8.949,8.001,6.448,5.462,4.158210000000005,9.416,9.04,7.890180000000002,7.172,6.878
2020-08-31,9.917,7.292,6.092,10.191,9.558,6.720129999999997,6.0,9.205,7.789,5.435,4.822,3.57136,8.511,7.47,6.108070000000001,5.402,5.342
2020-09-01,8.296,6.952,6.296,9.324,8.412,7.142260000000002,6.465,9.666,7.723,6.266,5.604,4.339889999999998,8.208,7.958,6.919030000000001,6.327,5.984
2020-09-02,9.334,8.115,7.079,9.451,8.857,7.829879999999998,7.243,8.983,7.678,6.522,5.799,4.520870000000003,8.834,8.687,7.952090000000004,7.46,7.108
2020-09-03,9.846,9.66,9.304,9.911,9.326,8.346880000000006,7.622,9.13,8.424,7.728,6.991,5.714919999999998,9.334,9.31,8.487240000000005,7.853,7.304
2020-09-04,10.894,10.627,10.442,9.974,9.414,8.57501,8.033,10.02,9.516,9.037,8.415,7.599449999999994,8.824,8.755,8.249890000000004,7.669,7.1
2020-09-05,11.854,11.509,10.746,10.721,10.125,9.460999999999991,8.746,10.92,10.245,9.669,8.997,7.782290000000002,9.083,9.049,8.694300000000002,8.211,8.067
2020-09-06,13.457,13.21,11.626,11.265,10.54,9.77642,9.171,11.218,10.572,10.005,9.093,7.825,10.017,10.101,9.84345,9.103,8.9
2020-09-07,14.386,14.05,10.364,11.737,11.228,10.445089999999999,9.821,11.98,11.468,10.912,9.784,8.685939999999999,12.095,11.898,11.007440000000008,10.394,9.536
2020-09-08,15.493,14.977,11.224,13.321,12.867,11.853289999999998,11.125,13.636,13.114,12.397,11.081,9.730419999999999,14.043,13.874,11.949160000000008,10.827,9.025
2020-09-09,16.233,14.939,10.41,14.38,13.934,12.653110000000005,12.033,14.301,13.687,12.481,9.598,8.282620000000001,14.22,13.844,11.878640000000011,10.571,9.538
2020-09-10,16.005,13.443,9.852,14.849,14.408,13.367869999999996,12.662,14.327,13.485,11.254,8.875,7.681830000000004,14.478,14.234,12.60958,11.324,9.379
2020-09-11,15.9,13.38,9.754,15.217,14.641,12.474380000000005,11.714,14.436,13.215,11.268,9.31,7.9421599999999986,14.555,14.156,11.297730000000007,9.894,8.219
2020-09-12,13.498,12.717,10.446,14.301,13.911,12.503040000000004,11.667,14.572,13.998,12.603,11.106,9.723969999999998,14.72,14.814,12.823519999999998,12.021,9.52
2020-09-13,14.21,13.76,13.15,13.952,13.745,12.753020000000003,12.129,14.342,13.381,12.24,11.565,10.281090000000004,14.054,14.015,12.805569999999996,11.717,9.9
2020-09-14,14.519,14.472,14.35,14.108,13.875,12.849840000000011,12.217,14.312,13.683,13.069,12.578,11.48545,14.13,14.098,12.927209999999992,11.959,10.582
2020-09-15,14.513,14.445,13.038,14.171,13.967,12.621370000000008,11.885,14.87,14.557,13.805,13.102,12.140360000000001,13.956,14.012,12.824309999999992,12.193,10.964
2020-09-16,14.593,14.532,14.038,14.175,14.119,13.941850000000002,13.06,14.445,14.323,14.222,13.815,13.507759999999992,14.288,14.665,14.16862000000001,13.602,12.414
2020-09-17,14.979,14.936,14.557,14.033,13.578,12.595,12.121,14.266,13.97,13.391,12.384,11.103639999999999,13.928,13.663339999999991,12.459,11.565,10.493
2020-09-18,15.095,14.893,11.696,13.583,13.105,12.339,11.583,14.468,14.178,13.112,11.199,9.899790000000001,13.806,13.54904,11.926,10.591,9.708
2020-09-19,14.58,14.209,11.079,14.492,14.173,13.404,12.754,14.365,14.243,13.785,12.287,11.134229999999997,15.043,14.717569999999993,14.266,13.406,11.277
2020-09-20,13.741,13.514,12.479,14.401,14.207,13.923,13.442,14.36,14.166,13.855,13.347,13.217209999999987,14.915,14.502870000000003,14.367,13.737,12.613
2020-09-21,14.271,14.083,13.592,15.125,14.994,14.72,14.204,14.635,14.51,14.402,13.963,13.034909999999995,14.705,14.612370000000007,14.447,14.112,13.265
2020-09-22,14.593,14.518,14.083,14.975,14.948,14.954,14.558,14.998,14.909,14.939,14.889,14.177440000000006,14.86,14.7742,14.78,14.721,14.6
2020-09-23,14.39,14.344,14.329,14.917,14.839,14.755,14.358,15.047,14.965,14.997,14.964,14.075260000000016,14.921,14.783729999999998,14.602,14.501,14.458
2020-09-24,14.52,14.32,14.046,14.65,14.424,14.179,13.725,15.125,14.988,14.939,14.865,14.10581000000001,15.56,15.249009999999991,15.226,14.723,14.192
2020-09-25,15.634,15.505,15.054,15.239,15.113,14.867,14.35,15.377,15.165,15.101,15.003,14.179930000000006,15.684,15.540160000000004,15.558,15.436,14.95
2020-09-26,15.969,15.923,15.938,15.504,15.392,15.119,14.621,15.69,15.558,15.563,15.416,14.490969999999997,15.759,15.643699999999997,15.657,15.593,15.404
2020-09-27,16.078,16.061,16.188,15.685,15.569,15.385,14.896,15.816,15.691,15.718,15.659,15.073699999999995,15.682,15.658030000000004,15.52,15.49,15.487
2020-09-28,16.234,16.181,16.3,16.017,15.914,15.791,15.342,15.949,15.811,15.838,15.739,14.984939999999995,15.837,15.719540000000011,15.534,15.496,15.5
2020-09-29,16.646,16.554,16.621,16.307,16.207,16.099,15.679,16.011,15.888,15.904,15.75,15.08065999999999,15.937,15.830790000000015,15.699,15.658,15.583
2020-09-30,16.861,16.799,16.842,16.534,16.373,16.038,15.546,16.178,16.059,16.036,15.771,15.085509999999992,16.011,15.842670000000007,15.721,15.537,15.259
2020-10-01,16.778,16.708,16.479,16.293,15.969,15.406,14.883,16.358,16.137,15.48,14.231,13.07448,15.67,15.356749999999995,14.144,13.242,12.021
2020-10-02,16.831,16.708,15.329,15.857,15.48,14.985,14.475,16.253,15.902,15.444,14.007,13.111899999999999,14.902,14.712380000000007,13.678,12.671,11.221
2020-10-03,16.792,16.219,14.188,15.68,15.462,15.184,14.654,16.388,16.167,14.966,12.549,11.39326,14.931,14.743890000000004,14.042,13.292,11.69
2020-10-04,15.867,15.191,13.226,15.606,15.471,15.353,14.921,15.99,15.549,13.865,11.779,10.767739999999998,15.076,14.88133,13.891,13.004,12.146
2020-10-05,15.954,15.769,14.529,15.562,15.421,15.191,14.696,15.772,15.197,13.986,11.926,10.85447,14.733,14.538630000000007,13.444,12.369,11.596
2020-10-06,15.852,15.597,13.208,15.559,15.406,15.11,14.571,15.851,15.516,14.298,12.308,11.305329999999996,14.457,14.584290000000001,13.939,13.617,13.062
2020-10-07,15.752,15.27,14.465,15.558,15.403,15.028,14.454,15.251,14.705,13.82,12.445,11.446769999999999,14.701,14.596640000000006,14.327,13.942,13.452
2020-10-08,15.227,15.609,15.767,14.481,14.296,12.656,11.764,12.957,12.098,10.492,9.697,8.533669999999999,12.686,12.094779999999998,9.519,7.65,7.867
2020-10-09,9.964,8.872,7.342,12.002,11.76,10.156,8.968,10.98,9.997,7.813,6.516,5.123149999999998,10.187,10.04315,9.328,8.145,7.433
2020-10-10,9.561,9.298,8.426,11.051,10.076,8.169,7.3,8.537,7.969,6.907,6.367,5.1047600000000015,9.713,9.26795,8.882,7.964,7.496
2020-10-11,10.063,8.911,8.341,9.665,8.233,6.317,5.509,8.198,7.608,6.35,5.698,4.400190000000002,9.372,8.648439999999999,7.658,6.534,6.517
2020-10-12,9.302,6.753,5.812,8.414,7.18,6.321,5.65,9.405,8.583,6.659,5.508,4.207690000000004,8.886,8.586530000000005,7.908,7.408,6.883
2020-10-13,11.846,11.169,9.009,8.659,8.575,8.262,7.633,10.279,10.173,9.673,7.771,6.598649999999997,9.626,9.495829999999991,9.296,9.056,8.467
2020-10-14,12.124,12.077,11.925,9.797,9.743,9.605,9.1,11.626,11.548,11.447,11.071,10.387139999999999,10.075,10.134009999999996,9.966,9.849,9.77
2020-10-15,11.928,11.69,9.796,10.528,10.374,10.244,9.775,11.545,11.33,10.515,8.785,7.496840000000002,10.278,10.2608,10.013,9.566,8.708
2020-10-16,12.018,11.572,10.033,10.811,10.666,10.371,9.842,11.278,10.936,10.158,8.477,7.202130000000006,10.562,10.47672,10.181,9.778,8.855
2020-10-17,12.037,11.845,10.312,11.096,10.98,10.734,10.254,11.433,11.209,10.845,9.611,8.447860000000004,10.852,10.929480000000002,10.539,10.122,9.579
2020-10-18,11.91,11.574,10.125,10.899,10.809,10.518,9.917,11.1,10.934,10.115,9.039,7.726120000000004,10.393,10.444,9.494,8.845,8.33
2020-10-19,11.664,11.188,10.079,10.872,10.794,10.681,10.212,11.255,11.024,10.666,9.664,8.598280000000003,10.257,10.308280000000002,9.952,9.662,9.125
2020-10-20,11.361,11.069,10.833,11.097,11.022,10.979,10.546,11.365,11.183,10.862,10.372,9.51303999999999,10.65,10.799980000000007,10.418,10.21,9.721
2020-10-21,11.539,11.319,11.15,11.329,11.235,11.105,10.654,11.51,11.226,10.868,10.602,9.612539999999992,10.974,11.015540000000003,10.808,10.673,10.338
2020-10-22,11.631,11.499,11.371,11.402,11.328,11.246,10.775,11.417,11.177,10.972,10.787,9.77899999999999,11.046,11.094069999999999,10.922,10.87,10.775
2020-10-23,11.84,11.724,11.496,11.537,11.459,11.251,10.737,11.74,11.438,11.26,11.137,9.979969999999987,11.112,11.299639999999997,10.936,10.861,10.846
2020-10-24,11.575,11.477,11.404,11.452,11.435,11.444,11.013,11.435,11.339,11.317,11.285,10.227109999999994,11.155,11.345409999999994,11.125,11.164,11.275
2020-10-25,11.575,11.526,11.521,11.348,11.302,11.291,10.862,11.64,11.543,11.468,11.302,10.203869999999995,11.171,11.265939999999995,11.131,11.148,11.192
2020-10-26,11.259,11.265,11.408,11.23,11.188,11.127,10.683,11.395,11.329,11.354,11.313,10.247379999999996,11.255,11.269569999999996,11.185,11.19,11.283
2020-10-27,11.556,11.42,11.304,11.46,11.353,11.196,10.737,11.329,11.273,11.299,11.29,10.251549999999998,11.761,11.738869999999997,11.571,11.441,11.304
2020-10-28,11.549,11.519,11.45,11.546,11.498,11.437,11.004,11.32,11.243,11.261,11.232,10.108419999999994,11.75,11.755609999999997,11.635,11.54,11.475
2020-10-29,11.484,11.494,11.467,11.37,11.296,11.225,10.796,11.409,11.319,11.285,11.228,10.123779999999995,11.764,11.73495,11.682,11.646,11.558
2020-10-30,11.25,11.271,11.396,11.535,11.499,11.477,11.058,11.548,11.481,11.482,11.389,10.209579999999994,11.804,11.86372,11.719,11.689,11.708
2020-10-31,10.843,10.856,10.971,11.276,11.174,11.027,10.571,11.537,11.414,11.333,11.282,10.243879999999995,11.55,11.55422,11.464,11.331,11.062
2020-11-01,10.647,10.651,10.667,10.807,10.714,10.568,10.121,11.376,11.28,11.269,11.184,10.148429999999998,11.455,11.172479999999998,11.337,11.225,10.871
2020-11-02,10.965,10.969,11.013,10.83,10.771,10.685,10.188,11.264,11.205,11.204,11.13,10.135250000000001,11.423,11.25575,11.337,11.275,11.133
2020-11-03,10.643,10.655,10.746,10.546,10.533,10.526,10.125,11.192,11.128,11.144,11.099,10.255779999999998,10.697,10.64548000000001,10.424,9.948,9.804
2020-11-04,9.948,9.976,10.088,10.419,10.365,10.276,9.821,10.828,10.764,10.79,10.764,10.32375,10.09,10.140549999999998,9.926,9.663,9.25
2020-11-05,9.903,9.919,10.025,10.07,10.124,10.179,9.779,10.602,10.554,10.601,10.492,9.839859999999996,10.066,10.125979999999998,9.968,9.9,9.783
2020-11-06,10.014,10.05,10.321,10.106,10.03,9.748,9.171,10.51,10.384,10.077,9.686,8.77086,10.021,10.036249999999994,9.846,9.591,9.263
2020-11-07,10.145,10.216,9.721,9.911,9.282,8.522,7.938,10.27,9.862,9.221,8.5,7.757449999999995,9.849,9.616079999999997,8.678,8.191,8.129
2020-11-08,10.301,10.241,9.138,9.415,9.066,8.587,8.0,10.441,10.208,9.715,8.88,7.928690000000002,9.651,9.434769999999993,9.046,8.724,8.504
2020-11-09,10.273,10.056,9.708,10.135,10.035,9.785,9.221,10.378,10.201,9.679,9.011,7.837909999999994,9.918,9.953429999999992,9.652,9.509,9.3
2020-11-10,10.213,10.047,9.838,10.055,9.894,9.687,9.188,10.091,9.866,9.432,9.072,7.929540000000002,10.184,10.036619999999994,9.747,9.588,9.4
2020-11-11,10.315,10.048,9.917,10.164,9.791,9.167,8.646,9.865,9.67,9.474,9.173,8.013630000000001,10.378,10.216849999999999,9.824,9.466,9.088
2020-11-12,10.86,10.542,9.783,10.157,9.723,9.167,8.562,9.725,9.452,9.113,8.734,7.625849999999997,10.455,10.174009999999999,9.691,9.238,8.788
2020-11-13,10.698,9.86,9.075,10.213,9.973,9.616,8.992,10.317,10.149,9.853,9.045,7.878129999999999,10.806,10.457699999999999,10.315,10.031,9.542
2020-11-14,9.777,9.721,9.258,10.678,10.661,10.633,10.208,10.2,10.013,9.762,9.475,8.273150000000001,10.997,10.757180000000004,10.85,10.733,10.546
2020-11-15,9.459,9.471,9.408,10.365,10.398,10.435,10.033,9.733,9.625,9.417,9.241,8.050699999999996,10.657,10.555020000000006,10.522,10.4,10.308
2020-11-16,9.338,9.347,9.442,10.097,10.087,10.031,9.621,9.599,9.545,9.493,9.409,8.24476,10.474,10.396610000000003,10.298,10.288,10.338
2020-11-17,9.301,9.343,9.5,9.627,9.512,9.29,8.783,9.568,9.502,9.447,9.331,8.264729999999993,9.766,9.47756,9.059,8.791,8.612
2020-11-18,8.965,9.08,9.362,9.167,9.191,9.155,8.733,9.26,9.301,9.328,9.119,8.008379999999997,9.225,9.241679999999992,9.041,8.957,8.833
2020-11-19,8.688,8.762,9.067,8.809,8.871,8.916,8.5,8.945,9.011,9.07,8.88,7.83881,9.225,9.298219999999992,9.126,9.055,9.042
2020-11-20,8.526,8.574,8.767,8.584,8.56,8.474,8.004,8.849,8.784,8.701,8.531,7.743009999999997,9.015,8.929910000000001,8.836,8.622,8.662
2020-11-21,8.629,8.668,8.754,8.621,8.269,7.693,7.188,8.544,8.416,8.232,8.057,7.6976700000000005,8.615,8.503060000000007,7.988,7.785,7.796
2020-11-22,8.312,8.496,8.425,8.147,8.026,7.821,7.296,8.537,8.493,8.363,8.151,8.05973,8.314,8.244570000000005,8.059,7.978,7.888
2020-11-23,8.236,8.32,8.467,8.442,8.431,8.333,7.85,8.404,8.365,8.363,8.296,7.71083,9.004,8.893550000000007,8.805,8.694,8.392
2020-11-24,8.337,8.402,8.512,8.255,8.283,8.295,7.888,8.381,8.359,8.322,8.202,7.6794299999999955,8.842,8.79768,8.663,8.494,8.483
2020-11-25,7.778,7.842,7.4,7.696,7.79,7.835,7.438,8.04,8.071,8.128,7.924,7.115849999999999,8.059,8.095400000000001,8.015,7.989,7.862
2020-11-26,7.828,7.831,7.75,7.605,7.656,7.677,7.25,7.912,7.905,7.925,7.926,7.120689999999999,7.972,8.019289999999998,7.917,7.936,8.062
2020-11-27,7.976,7.959,7.996,7.817,7.842,7.846,7.417,7.963,7.932,7.937,7.911,7.13475,8.043,8.064060000000001,7.95,7.945,8.033
2020-11-28,8.147,8.266,8.296,8.256,8.282,8.225,7.771,8.239,8.243,8.198,8.05,7.558060000000001,8.209,8.185490000000001,8.066,8.053,8.146
2020-11-29,8.304,8.348,8.346,8.579,8.661,8.583,8.129,8.541,8.475,8.411,8.346,7.520049999999992,8.629,8.627000000000008,8.417,8.338,8.3
2020-11-30,8.241,8.388,8.558,8.527,8.548,8.547,8.121,8.585,8.563,8.543,8.495,7.652589999999995,8.626,8.690550000000007,8.529,8.5,8.475
2020-12-01,8.38,8.444,8.588,8.642,8.64,8.66,8.2,8.575,8.55,8.578,8.574,7.536959999999994,8.8,8.792189999999998,8.739,8.749,8.838
2020-12-02,8.993,9.051,9.212,9.061,9.055,9.027,8.592,8.762,8.737,8.787,8.805,7.740730000000006,9.014,9.02881,8.958,8.978,9.083
2020-12-03,9.004,9.119,9.296,9.079,9.102,9.094,8.679,8.808,8.827,8.865,8.854,7.752650000000002,9.052,9.106639999999999,9.012,9.044,9.162
2020-12-04,8.934,9.109,9.3,9.026,9.044,9.049,8.604,8.993,9.002,9.021,8.998,7.841139999999999,9.001,9.066290000000002,8.978,9.023,9.196
2020-12-05,8.907,9.058,9.3,9.013,8.981,8.866,8.417,9.12,9.102,9.102,9.073,7.945899999999997,9.034,9.07546,8.978,9.004,9.133
2020-12-06,9.034,9.105,9.283,9.018,9.028,8.947,8.487,9.077,9.038,9.027,9.012,7.862600000000002,8.873,8.87387,8.816,8.838,8.971
2020-12-07,8.938,8.963,8.575,8.191,7.709,7.303,6.846,8.906,8.748,8.375,8.058,7.244940000000002,7.942,7.623979999999996,7.049,7.006,7.158
2020-12-08,8.476,8.362,7.825,7.564,7.522,7.396,6.908,8.298,8.16,7.906,7.399,6.739739999999999,7.206,7.092680000000001,7.057,6.932,6.958
2020-12-09,7.893,8.026,8.008,7.435,7.587,7.606,7.129,7.932,7.897,7.696,7.488,6.883560000000001,7.426,7.112340000000001,7.182,7.019,7.083
2020-12-10,7.677,7.976,8.1,7.45,7.582,7.665,7.254,7.981,7.945,7.832,7.753,6.8775999999999975,7.499,7.40722,7.448,7.313,7.183
2020-12-11,7.501,7.648,7.908,7.351,7.596,7.841,7.45,7.812,7.865,7.809,7.764,6.876709999999999,7.616,7.756929999999998,7.716,7.837,8.004
2020-12-12,7.519,7.592,7.833,7.695,7.863,8.011,7.608,7.912,7.909,7.888,7.844,7.2004899999999985,7.843,7.9797699999999985,7.893,7.994,8.117
2020-12-13,7.663,7.74,7.85,7.943,7.967,7.971,7.538,7.828,7.806,7.85,7.861,7.138299999999999,8.059,8.11156,8.009,8.036,8.158
2020-12-14,7.74,7.786,7.892,8.037,8.089,8.12,7.692,7.748,7.677,7.706,7.699,6.671559999999999,8.16,8.189930000000002,8.233,8.282,8.383
2020-12-15,7.451,7.572,7.792,7.658,7.75,7.828,7.454,7.693,7.672,7.668,7.658,6.754509999999998,8.109,8.12849,8.152,8.23,8.371
2020-12-16,6.776,6.916,7.688,6.796,6.967,7.185,6.808,7.257,7.347,7.523,7.705,6.795749999999995,7.718,7.776580000000004,7.775,7.884,8.1
2020-12-17,6.13,6.252,7.27,6.611,6.832,6.991,6.596,6.804,6.917,7.099,7.274,6.758410000000001,7.171,7.140680000000002,7.185,7.252,7.45
2020-12-18,5.839,5.956,6.296,6.13,6.194,6.246,5.85,6.085,6.105,6.158,6.207,5.601509999999998,6.649,6.679640000000002,6.62,6.664,6.8
2020-12-19,5.813,5.906,6.188,6.015,6.097,6.109,5.675,6.037,6.095,6.231,6.371,6.155229999999997,6.686,6.692540000000003,6.602,6.604,6.696
2020-12-20,5.501,5.824,6.158,5.94,6.059,6.119,5.717,6.144,6.453,6.656,6.751,5.86167,6.752,6.715090000000004,6.644,6.558,6.546
2020-12-21,6.18,6.219,6.258,5.946,6.051,6.179,5.779,6.45,6.597,6.72,6.768,5.939670000000001,6.86,6.786460000000004,6.707,6.576,6.417
2020-12-22,6.234,6.478,6.275,5.988,6.155,6.353,5.917,6.573,6.696,6.684,6.628,6.069380000000001,7.235,6.9072100000000045,7.102,7.019,6.625
2020-12-23,6.249,6.435,6.462,6.033,6.453,6.566,6.146,6.822,6.767,6.666,6.64,6.0893700000000015,7.137,6.941470000000006,7.172,7.223,7.362
2020-12-24,6.158,6.362,6.596,6.262,6.387,6.49,6.092,6.841,6.887,6.833,6.746,5.98695,6.955,6.942850000000009,6.948,6.967,7.108
2020-12-25,6.239,6.337,6.475,6.235,6.32,6.435,6.054,6.715,6.748,6.796,6.827,5.84521,6.822,6.79147,6.745,6.73,6.821
2020-12-26,6.752,6.833,6.988,6.828,6.864,6.863,6.438,6.782,6.804,6.827,6.844,5.923729999999997,7.017,6.9833500000000015,7.008,7.049,7.2
2020-12-27,6.656,6.92,7.229,6.882,7.105,7.164,6.733,6.888,6.911,6.928,6.898,5.834969999999999,6.903,7.057810000000003,6.887,6.933,7.092
2020-12-28,6.776,7.186,7.371,6.964,7.033,7.067,6.646,6.825,6.897,6.948,6.932,5.8926099999999995,6.809,6.972620000000005,6.825,6.969,7.212
2020-12-29,6.675,6.932,7.258,6.65,6.833,6.936,6.517,6.868,6.923,6.981,6.999,5.9062500000000036,6.897,7.065150000000005,7.015,7.121,7.317
2020-12-30,6.435,6.843,7.346,6.174,6.45,6.855,6.504,6.493,6.712,7.128,7.216,6.697560000000003,6.787,6.888510000000004,6.878,7.001,7.212
2020-12-31,6.602,6.812,7.125,6.515,6.663,6.766,6.342,6.96,7.064,7.156,7.168,5.9611800000000015,6.74,6.905060000000007,6.733,6.797,6.983
2021-01-01,6.328,6.551,7.042,6.604,6.888,6.973,6.562,6.54,6.917,7.098,7.134,6.0141100000000005,6.562,6.795010000000004,6.769,6.957,7.212
2021-01-02,6.375,6.629,7.004,6.496,6.549,6.564,6.158,6.434,6.654,6.783,6.88,5.807499999999997,6.702,6.771270000000002,6.776,6.853,7.004
2021-01-03,6.158,6.328,6.658,6.142,6.223,6.237,5.821,6.228,6.31,6.539,6.639,6.1789700000000005,6.606,6.670680000000002,6.591,6.643,6.804
2021-01-04,5.935,6.165,6.558,6.051,6.127,6.142,5.738,5.907,5.997,6.213,6.467,6.2904599999999995,6.37,6.346800000000001,6.356,6.438,6.654
2021-01-05,5.942,6.054,6.375,5.918,5.947,5.921,5.496,5.999,6.011,6.089,6.221,5.988289999999996,6.16,6.182010000000004,6.146,6.195,6.375
2021-01-06,5.729,5.849,6.1,5.805,5.841,5.808,5.396,5.813,5.861,5.948,6.016,4.982489999999999,5.847,5.976710000000004,5.879,5.953,6.154
2021-01-07,5.489,5.616,5.929,5.558,5.629,5.655,5.242,5.6,5.652,5.715,5.878,4.747229999999999,5.927,5.977060000000005,5.918,5.973,6.175
2021-01-08,5.318,5.459,5.742,5.307,5.427,5.539,5.179,5.483,5.553,5.705,5.817,4.809239999999998,5.855,5.8905800000000035,5.932,6.036,6.279
2021-01-09,5.069,5.224,5.587,5.212,5.371,5.447,5.083,5.431,5.591,5.794,5.849,5.0506400000000005,5.849,5.843930000000003,5.911,5.999,6.262
2021-01-10,4.945,5.174,5.6,4.984,5.096,5.144,4.717,5.092,5.175,5.287,5.53,4.97012,5.704,5.6494200000000045,5.692,5.742,5.942
2021-01-11,4.859,5.054,5.4,4.993,5.111,5.223,4.808,5.221,5.346,5.556,5.728,5.37372,5.606,5.520280000000006,5.628,5.696,5.908
2021-01-12,5.068,5.208,5.367,5.248,5.428,5.562,5.154,5.408,5.51,5.692,5.749,5.094430000000004,5.664,5.620140000000004,5.655,5.714,5.904
2021-01-13,4.856,5.117,5.392,5.365,5.569,5.659,5.25,5.253,5.302,5.422,5.526,4.88262,5.752,5.7927000000000035,5.745,5.792,5.983
2021-01-14,4.995,5.135,5.358,5.331,5.402,5.405,4.958,5.251,5.296,5.333,5.385,4.234310000000001,5.726,5.716810000000005,5.688,5.727,5.917
2021-01-15,4.884,5.04,5.3,5.372,5.465,5.481,5.058,5.252,5.266,5.279,5.323,4.177989999999999,5.739,5.7489700000000035,5.706,5.746,5.925
2021-01-16,4.818,4.987,5.217,5.177,5.212,5.186,4.754,4.956,4.993,5.056,5.184,4.148060000000002,5.595,5.459880000000005,5.57,5.617,5.8
2021-01-17,4.92,5.021,5.188,5.168,5.206,5.185,4.758,5.042,5.037,5.019,5.016,4.000160000000001,5.51,5.491640000000003,5.465,5.499,5.675
2021-01-18,4.833,4.937,5.1,5.032,5.12,5.229,4.817,5.077,5.087,5.089,5.093,4.044950000000001,5.461,5.475750000000002,5.412,5.447,5.637
2021-01-19,4.729,4.92,5.179,5.036,5.32,5.582,5.208,4.956,5.011,5.154,5.309,4.147209999999999,5.443,5.454920000000005,5.52,5.693,5.962
2021-01-20,4.61,5.06,5.612,5.062,5.428,5.512,5.112,4.844,5.124,5.473,5.6,5.0351500000000025,5.409,5.4611300000000025,5.545,5.728,6.067
2021-01-21,4.53,4.903,5.675,4.492,4.715,4.782,4.383,4.406,4.698,5.299,5.641,5.003130000000006,5.283,5.334890000000001,5.335,5.502,5.892
2021-01-22,4.57,4.951,5.738,4.318,4.445,4.507,4.083,4.661,4.974,5.371,5.649,4.900140000000006,5.069,5.132910000000002,5.13,5.216,5.471
2021-01-23,4.357,4.731,5.675,4.176,4.299,4.417,4.058,4.06,4.401,4.834,5.292,4.267730000000001,4.82,4.955519999999998,4.873,4.971,5.192
2021-01-24,4.494,4.608,5.404,3.884,4.045,4.234,3.879,4.147,4.551,5.195,5.349,4.1292300000000015,4.807,4.914209999999998,4.967,5.189,5.4
2021-01-25,4.486,4.687790000000002,4.946,4.038,4.131,4.169,3.746,4.354,4.502,4.914,5.294,4.124070000000003,5.016,5.1000900000000025,5.002,5.119,5.371
2021-01-26,4.381,4.661290000000003,5.096,3.919,4.091,4.22,3.817,4.38,4.422,4.469,4.871,4.105440000000001,4.831,4.927819999999998,4.855,4.931,5.146
2021-01-27,4.192,4.2942,4.883,4.148,4.288,4.274,3.838,4.417,4.445,4.498,4.65,4.407349999999999,4.624,4.8094300000000025,4.619,4.679,4.888
2021-01-28,4.059,4.2165599999999985,4.788,4.159,4.256,4.238,3.8,4.156,4.255,4.396,4.491,4.252529999999998,4.473,4.602560000000002,4.481,4.57,4.729
2021-01-29,4.082,4.1251599999999975,4.521,4.052,4.124,4.138,3.725,4.087,4.18,4.294,4.376,3.7901199999999995,4.344,4.550970000000001,4.334,4.394,4.583
2021-01-30,3.862,3.9429400000000006,4.146,3.734,3.798,3.744,3.325,3.89,3.931,3.981,4.059,3.865100000000001,4.116,4.2667199999999985,4.118,4.167,4.362
2021-01-31,3.54,3.5722600000000004,3.796,3.521,3.597,3.551,3.125,3.641,3.703,3.841,4.014,3.45291,4.026,4.2074099999999985,4.002,4.052,4.258
2021-02-01,3.292,3.399599999999999,3.562,3.451,3.545,3.517,3.075,3.563,3.63,3.713,3.789,3.128170000000001,3.896,4.055369999999997,3.881,3.935,4.15
2021-02-02,3.225,3.350269999999997,3.496,3.466,3.514,3.451,3.008,3.424,3.435,3.403,3.402,2.22437,3.584,3.8457399999999997,3.54,3.582,3.792
2021-02-03,3.395,3.4375999999999998,3.579,3.559,3.617,3.557,3.113,3.49,3.501,3.462,3.46,2.316310000000001,3.647,3.896799999999999,3.594,3.628,3.821
2021-02-04,3.483,3.5403300000000013,3.621,3.699,3.744,3.693,3.258,3.667,3.681,3.671,3.679,3.345840000000001,3.791,4.025379999999997,3.749,3.788,3.983
2021-02-05,3.497,3.5974600000000017,3.7,3.771,3.826,3.773,3.338,3.718,3.76,3.79,3.764,2.992869999999999,3.816,4.0484699999999965,3.799,3.843,4.008
2021-02-06,3.668,3.735560000000002,3.796,3.912,3.929,3.839,3.383,3.784,3.799,3.795,3.805,2.944449999999998,3.902,4.087369999999996,3.841,3.874,4.075
2021-02-07,3.696,3.7535900000000013,3.883,3.839,3.93,3.875,3.442,3.726,3.795,3.874,3.915,3.0326899999999988,3.844,4.065989999999997,3.807,3.849,4.046
2021-02-08,3.286,3.399529999999998,3.817,3.369,3.451,3.455,3.029,3.399,3.471,3.531,3.591,3.0157900000000017,3.671,3.8979599999999994,3.643,3.697,3.904
2021-02-09,3.222,3.344079999999999,3.971,3.019,3.369,3.482,3.062,3.263,3.54,3.757,3.798,2.9463600000000003,3.395,3.5380000000000034,3.467,3.559,3.858
2021-02-10,3.216,3.282539999999998,4.037,3.086,3.238,3.276,2.867,2.893,3.338,3.772,3.823,2.6884299999999994,3.304,3.498300000000004,3.349,3.439,3.683
2021-02-11,3.275,3.4030699999999996,4.012,2.72,2.867,2.976,2.588,3.426,3.717,3.853,3.869,2.92809,3.253,3.487900000000002,3.332,3.427,3.662
2021-02-12,3.243,3.3557099999999997,3.788,2.662,2.815,2.933,2.542,3.323,3.525,3.689,3.804,2.9101000000000004,3.209,3.463900000000003,3.256,3.348,3.617
2021-02-13,3.163,3.305919999999998,3.892,2.686,2.843,2.905,2.504,3.264,3.444,3.597,3.691,2.9289800000000015,3.203,3.4519200000000025,3.197,3.25,3.492
2021-02-14,2.856,3.0290400000000006,3.896,2.746,2.946,2.966,2.533,3.103,3.162,3.259,3.42,2.36381,3.125,3.3188400000000025,3.115,3.178,3.412
2021-02-15,2.951,3.1522999999999994,3.742,2.754,2.862,2.821,2.392,2.894,3.003,3.146,3.335,2.2035800000000023,3.051,3.249860000000001,3.016,3.053,3.188
2021-02-16,3.023,3.1623899999999994,3.438,2.836,2.903,2.843,2.412,2.989,3.082,3.163,3.287,2.0262400000000005,3.017,3.182899999999999,2.956,2.979,3.05
2021-02-17,3.15,3.215749999999997,3.371,2.928,3.0,2.972,2.546,3.002,3.007,2.967,2.978,1.8653000000000015,3.076,3.2820400000000025,3.045,3.101,3.292
2021-02-18,2.9,3.019029999999999,3.267,2.703,2.928,2.987,2.567,2.847,2.878,2.927,2.976,1.7947400000000013,2.907,3.02782,2.921,2.981,3.233
2021-02-19,2.641,2.776359999999999,3.15,2.656,2.744,2.72,2.275,2.688,2.72,2.797,3.003,1.7978800000000004,2.81,2.9502599999999997,2.78,2.844,3.1
2021-02-20,2.43,2.6357,3.1,2.372,2.438,2.383,1.929,2.465,2.492,2.55,2.729,1.6678799999999987,2.56,2.7055999999999996,2.558,2.621,2.85
2021-02-21,2.229,2.337439999999999,2.771,2.114,2.246,2.265,1.846,1.9473300000000007,2.404,2.2542000000000004,2.572,1.6680999999999993,2.431,2.575740000000002,2.438,2.508,2.75
2021-02-22,2.254,2.3636099999999987,2.783,2.156,2.304,2.319,1.875,1.9677500000000006,2.461,2.2874899999999996,2.556,1.4812900000000002,2.405,2.574030000000002,2.44,2.511,2.762
2021-02-23,2.363,2.4198099999999996,2.646,2.312,2.378,2.392,1.946,2.42652,2.562,2.38502,2.579,1.4081900000000003,2.481,2.6585799999999993,2.443,2.493,2.725
2021-02-24,2.491,2.42886,2.675,2.557,2.62,2.604,2.15,2.3624600000000013,2.51,2.3502899999999993,2.507,1.2348500000000007,2.501,2.6887199999999996,2.54,2.6,2.808
2021-02-25,2.61,2.5475399999999992,2.783,2.788,2.833,2.741,2.279,2.5815500000000005,2.563,2.386170000000001,2.521,1.2454000000000007,2.706,2.882479999999999,2.666,2.708,2.921
2021-02-26,2.524,2.649899999999999,2.929,2.673,2.788,2.839,2.4,2.5676900000000007,2.629,2.6859099999999985,2.857,1.70762,2.794,2.963599999999999,2.801,2.872,3.096
2021-02-27,2.474,2.7161100000000005,3.208,2.691,2.869,2.974,2.558,2.5393100000000004,2.628,2.8673500000000005,3.114,1.9728699999999986,2.888,3.028240000000001,2.899,2.97,3.192
2021-02-28,2.619,2.7075400000000003,2.958,2.934,2.986,2.987,2.558,2.6655599999999997,2.796,2.9459800000000005,3.128,2.159129999999999,3.014,3.1793299999999975,2.973,3.011,3.213
2021-03-01,2.775,2.9227399999999983,3.117,3.174,3.256,3.219,2.767,2.75801,2.913,2.894560000000001,3.089,2.0114200000000007,3.19,3.441430000000002,3.18,3.237,3.446
2021-03-02,2.579,2.7224500000000025,3.058,2.923,2.994,2.982,2.554,2.799260000000002,2.985,2.907880000000003,3.062,2.0370400000000006,3.063,3.2634100000000017,3.016,3.055,3.258
2021-03-03,2.138,2.515780000000001,3.35,2.395,2.522,2.908,2.575,2.9905399999999998,3.244,3.3781500000000033,3.582,2.8125200000000006,2.918,3.0639500000000015,2.949,3.118,3.425
2021-03-04,3.142,3.4445999999999986,4.5,3.278,4.056,4.539,4.196,4.134340000000002,4.104,4.579690000000002,4.737,3.7397099999999983,3.259,3.827930000000003,3.753,4.176,4.496
2021-03-05,3.415,3.648829999999997,4.833,3.791,4.687,5.345,4.942,4.469459999999996,4.769,4.98606,5.454,4.36131,3.897,4.301539999999998,4.437,4.754,5.083
2021-03-06,3.924,4.32527,5.071,3.846,4.395,4.71,4.362,4.462899999999996,5.125,5.215079999999997,5.489,4.268580000000001,4.045,4.5506,4.69,4.954,5.212
2021-03-07,3.726,3.9285900000000002,4.729,4.265,4.571,4.824,4.421,4.535269999999997,5.21,5.202159999999997,5.426,4.21815,4.356,4.730739999999999,4.65,4.873,5.171
2021-03-08,3.781,4.145250000000001,4.892,4.521,4.732,4.86,4.475,4.521469999999999,4.59,4.795120000000001,4.994,4.115079999999999,4.395,4.66699,4.496,4.63,4.921
2021-03-09,3.981,4.129939999999997,4.7,4.226,4.314,4.414,4.017,4.090210000000002,4.094,4.31121,4.504,4.042259999999998,4.289,4.46779,4.297,4.401,4.721
2021-03-10,3.724,3.848470000000002,4.4,4.067,4.121,4.132,3.729,3.8700600000000005,3.869,4.135619999999998,4.248,3.5199799999999994,4.06,4.296869999999999,4.12,4.233,4.462
2021-03-11,3.983,4.040609999999995,4.283,4.096,4.062,4.004,3.554,3.8584300000000025,3.906,4.023700000000002,4.059,3.11771,3.753,4.076509999999998,3.784,3.898,4.167
2021-03-12,4.117,4.12238,4.321,4.445,4.449,4.328,3.871,4.090650000000003,4.039,4.043759999999999,4.044,2.944969999999999,3.958,4.25666,3.925,3.975,4.167
2021-03-13,4.468,4.503990000000003,4.546,4.654,4.65,4.525,4.062,4.278100000000002,4.234,4.187319999999999,4.119,3.753599999999999,4.325,4.541920000000001,4.367,4.464,4.7
2021-03-14,4.304,4.3285199999999975,4.379,4.463,4.513,4.462,4.012,4.201000000000001,4.173,4.248509999999998,4.284,3.655350000000001,4.569,4.750070000000003,4.585,4.665,4.896
2021-03-15,3.837,3.976729999999999,4.25,4.033,4.081,4.031,3.6,3.8744099999999992,3.924,3.9807799999999984,4.011,3.7883900000000006,4.272,4.383719999999999,4.236,4.292,4.512
2021-03-16,3.318,3.4029899999999986,3.65,3.506,3.545,3.47,3.029,3.39747,3.426,3.382569999999999,3.406,2.2580399999999994,3.797,3.9929199999999967,3.77,3.814,3.896
2021-03-17,3.337,3.4338999999999986,3.754,3.163,3.244,3.218,2.788,3.3353799999999985,3.449,3.428619999999997,3.46,2.2918200000000004,3.355,3.509970000000003,3.387,3.51,3.696
2021-03-18,3.443,3.45551,3.654,3.299,3.338,3.251,2.796,3.388359999999999,3.535,3.468129999999998,3.504,2.27382,3.367,3.5164100000000023,3.351,3.431,3.662
2021-03-19,3.429,3.45734,3.712,3.289,3.327,3.252,2.808,3.5174500000000006,3.565,3.465169999999999,3.498,2.2828000000000013,3.317,3.497740000000003,3.287,3.345,3.533
2021-03-20,3.31,3.3816299999999995,3.662,3.069,3.14,3.108,2.667,3.291739999999999,3.389,3.3457000000000003,3.416,2.1894600000000013,3.169,3.4109100000000017,3.18,3.224,3.4
2021-03-21,3.563,3.4991499999999998,3.708,3.344,3.33,3.198,2.725,3.3230599999999995,3.38,3.247600000000002,3.324,2.1516200000000016,3.228,3.4564000000000035,3.165,3.237,3.492
2021-03-22,3.922,3.823350000000003,3.846,3.693,3.501,3.267,2.783,3.364799999999999,3.391,3.265960000000001,3.328,2.1866700000000017,3.352,3.5085100000000016,3.234,3.268,3.529
2021-03-23,4.29,4.196459999999998,3.942,3.699,3.516,3.308,2.838,3.3243100000000005,3.351,3.26203,3.354,2.2632600000000007,3.341,3.530950000000002,3.287,3.323,3.633
2021-03-24,4.579,4.273839999999996,3.817,3.766,3.66,3.488,3.004,3.4202500000000002,3.529,3.3824899999999984,3.421,2.24797,3.176,3.4992600000000027,3.213,3.363,3.783
2021-03-25,4.552,4.277019999999997,4.158,4.168,4.078,3.936,3.475,3.7476100000000003,3.786,3.5235399999999997,3.558,2.57173,3.078,3.585460000000002,3.165,3.395,3.988
2021-03-26,4.101,4.078789999999997,4.279,4.478,4.362,4.181,3.742,3.8899600000000016,3.937,3.6500899999999996,3.671,2.6284899999999993,3.204,3.625750000000003,3.145,3.192,3.462
2021-03-27,4.508,4.315099999999996,4.258,4.522,4.409,4.052,3.529,3.9157500000000014,3.998,3.5535100000000006,3.576,2.4595800000000008,3.419,3.74571,3.291,3.27,3.425
2021-03-28,4.492,4.294469999999996,3.892,3.97,3.958,3.856,3.408,4.15749,4.206,3.772790000000001,3.757,2.561529999999997,3.615,3.9543100000000004,3.5,3.462,3.604
2021-03-29,4.105,4.066789999999997,4.146,4.381,4.304,4.096,3.637,3.743009999999998,3.759,3.5683900000000017,3.597,2.6050800000000005,3.604,3.9404600000000003,3.494,3.511,3.688
2021-03-30,4.448,4.301369999999995,4.067,4.233,4.032,3.729,3.242,3.451110000000002,3.529,3.3335100000000004,3.315,2.1904999999999997,3.787,3.9249999999999976,3.393,3.386,3.558
2021-03-31,4.558,4.279459999999997,4.1,3.846,3.702,3.482,2.996,3.34584,3.389,3.1915100000000014,3.153,2.0581500000000013,3.521,3.7531899999999982,3.377,3.386,3.575
2021-04-01,4.943,4.314329999999996,4.108,4.176,4.057,3.762,3.246,3.6460599999999994,3.576,3.2812800000000015,3.213,2.0904800000000003,3.452,3.7278099999999994,3.342,3.343,3.5
2021-04-02,4.642,4.295689999999997,4.079,4.316,3.882,3.51,3.025,3.77451,3.8,3.3033600000000014,3.282,2.131639999999999,3.844,3.8898099999999975,3.425,3.407,3.567
2021-04-03,3.994,3.8372000000000024,3.675,3.877,3.79,3.647,3.158,3.6155000000000017,3.553,3.2209700000000017,3.122,1.9300500000000023,3.735,3.848069999999998,3.406,3.358,3.529
2021-04-04,3.784,3.770990000000003,3.492,4.334,4.199,3.918,3.387,3.7434200000000017,3.761,3.2586800000000022,3.15,1.9299200000000016,3.72,3.9336499999999996,3.488,3.421,3.571
2021-04-05,3.34,3.3643699999999974,3.4,3.916,3.91,3.741,3.267,3.6240799999999997,3.629,3.2378500000000026,3.217,1.994650000000001,3.545,3.7773899999999982,3.441,3.428,3.592
2021-04-06,3.487,3.3931099999999983,3.475,3.773,3.74,3.572,3.121,3.4429200000000013,3.53,3.3248500000000014,3.308,2.0948800000000003,3.576,3.8007099999999987,3.45,3.432,3.613
2021-04-07,3.815,3.705270000000004,3.6,3.889,3.756,3.46,2.942,3.41079,3.46,3.297730000000002,3.312,2.082240000000002,3.657,3.7342600000000004,3.186,3.099,3.233
2021-04-08,4.338,4.253939999999997,3.771,4.616,4.181,3.534,2.971,3.854680000000003,3.96,3.334970000000003,3.353,2.183130000000002,3.703,3.781070000000001,3.177,3.033,3.233
2021-04-09,4.77,4.339649999999996,4.021,4.817,4.307,3.657,3.092,4.112430000000001,4.175,3.4769299999999985,3.46,2.2742799999999996,3.86,3.92929,3.17,3.053,3.275
2021-04-10,5.016,4.51781,4.442,4.552,4.267,3.936,3.438,4.084930000000001,4.137,3.604160000000002,3.613,2.5616300000000005,3.991,4.1547600000000005,3.302,3.158,3.3
2021-04-11,5.362,4.961050000000005,5.112,4.767,4.625,4.312,3.808,4.360600000000002,4.552,4.191099999999999,4.099,2.816549999999999,4.326,4.448820000000001,3.664,3.507,3.479
2021-04-12,5.546,5.172910000000003,5.379,5.206,4.94,4.516,3.983,4.934220000000002,4.959,4.545369999999997,4.45,2.9167499999999977,4.348,4.520010000000001,3.912,3.79,3.863
2021-04-13,5.572,5.198800000000001,5.262,5.326,5.204,4.997,4.492,5.065150000000004,5.213,4.87062,4.688,2.932779999999998,4.545,4.7273000000000005,4.241,4.09,4.112
2021-04-14,5.3,5.102690000000004,4.842,5.338,5.304,5.13,4.65,5.091000000000003,5.224,4.672729999999999,4.414,3.2208699999999997,4.64,4.78209,4.426,4.233,4.212
2021-04-15,5.3,4.905400000000003,4.646,5.238,5.138,4.882,4.367,5.055790000000003,5.191,4.117800000000002,3.921,3.929219999999999,4.773,4.910810000000002,4.67,4.535,4.538
2021-04-16,5.244,5.158739999999999,5.312,4.989,4.957,4.812,4.346,4.9800900000000015,5.264,5.10097,4.942,4.294600000000002,4.713,4.81361,4.619,4.631,4.762
2021-04-17,4.99,5.005619999999998,5.146,5.031,5.04,4.949,4.488,4.9547099999999995,5.003,4.904630000000001,4.758,4.3227600000000015,4.641,4.7893,4.571,4.568,4.7
2021-04-18,5.116,4.99866,5.142,5.084,5.019,4.793,4.317,4.911390000000002,4.941,4.6084499999999995,4.611,4.38821,4.829,4.867380000000001,4.495,4.422,4.562
2021-04-19,5.216,5.022870000000005,4.929,5.395,5.135,4.698,4.188,4.907640000000001,4.763,4.3080099999999995,4.122,2.800709999999998,4.837,4.865420000000003,4.208,4.077,4.146
2021-04-20,5.301,4.804480000000003,4.587,5.302,4.765,4.413,3.892,4.674310000000001,4.394,3.9901900000000037,3.966,2.7732899999999994,4.648,4.673500000000001,4.061,3.976,4.117
2021-04-21,6.197,5.588209999999997,4.775,5.172,4.676,4.211,3.708,4.478110000000002,4.269,4.07823,4.015,2.7823099999999994,4.622,4.636800000000003,3.907,3.8,3.921
2021-04-22,6.82,6.138870000000004,6.221,5.385,5.152,4.589,3.912,4.7066300000000005,4.093,3.973590000000003,3.907,2.690779999999998,4.547,4.70336,4.158,3.941,3.954
2021-04-23,6.23,5.459809999999997,4.696,4.641,4.375,3.692,3.1,3.413400000000002,3.42,3.2228500000000007,3.193,2.234820000000001,4.123,4.280170000000001,3.742,3.372,3.45
2021-04-24,4.953,4.301359999999996,3.504,4.287,4.107,3.852,3.408,3.403310000000002,3.404,3.19218,3.15,1.9237400000000013,4.38,4.3779,3.842,3.771,3.958
2021-04-25,4.634,4.285519999999996,3.5,4.625,4.321,4.066,3.596,3.7462000000000013,3.761,3.4557699999999985,3.44,3.1144699999999976,4.519,4.569610000000003,4.198,4.24,4.413
2021-04-26,5.032,4.510429999999998,3.567,5.007,4.882,4.626,4.096,4.599520000000001,4.288,3.47491,3.428,2.725649999999999,4.540400000000003,4.69017,4.412,4.394,4.546
2021-04-27,4.587,4.474039999999999,4.004,5.264,5.101,4.686,3.967,4.846529999999999,4.740199999999996,4.470420000000001,4.444369999999999,3.4733699999999974,4.5806499999999994,4.734250000000002,4.589,4.58,4.75
2021-04-28,4.77,4.60001,4.254,5.314,4.956,4.641,4.142,4.823130000000002,4.716789999999998,4.442370000000002,4.445269999999998,3.450369999999998,4.997530000000003,5.132090000000005,4.848,4.828,4.958
2021-04-29,5.601,5.16403,4.671,5.352,5.062,4.763,4.271,5.02416,5.062059999999996,5.122870000000002,5.188139999999995,4.349010000000002,5.425040000000003,5.482789999999999,5.190300000000001,5.0511700000000035,5.1
2021-04-30,5.668,5.201430000000001,4.575,5.552,5.419,5.166,4.646,5.449259999999997,5.609509999999999,5.7799700000000005,5.916499999999998,5.310319999999998,6.00127,5.9218100000000025,5.824020000000006,5.91813,5.965909999999997
2021-05-01,5.596,5.33644,5.012,5.93,5.516,4.65,4.1,5.3092999999999995,4.982519999999998,5.09964,5.124610000000003,4.0667899999999975,6.30524,6.145450000000003,5.9169100000000014,6.01321,6.170179999999999
2021-05-02,5.279,5.287690000000002,4.825,5.567,5.364,5.101,4.579,5.423489999999999,5.60341,5.8059400000000005,5.938969999999996,5.277409999999999,5.99588,5.911200000000004,5.836900000000006,5.922609999999999,5.982049999999997
2021-05-03,5.872,5.5548199999999985,5.046,5.66,5.231,4.9,4.388,5.31125,5.287680000000003,5.2830499999999985,5.274629999999995,4.186710000000001,6.1609099999999986,5.94409,5.88468,6.013010000000001,6.167499999999999
2021-05-04,5.815,5.583819999999999,5.029,5.458,5.189,4.972,4.479,5.363759999999998,5.59247,5.75091,5.92035,5.192529999999998,5.966989999999997,5.8930500000000015,5.816410000000006,5.855359999999996,5.8665699999999985
2021-05-05,6.134,5.762690000000001,5.067,6.102,6.025,5.712,5.142,6.375709999999999,6.4711500000000015,6.596310000000002,6.618909999999997,6.142149999999998,6.75553,6.656240000000001,6.431790000000002,6.491320000000002,6.573920000000003
2021-05-06,5.636,5.55935,5.4,6.24,6.135,5.929,5.479,6.297239999999999,6.368059999999996,6.483110000000002,6.607359999999996,6.007369999999996,6.683309999999999,6.635620000000001,6.4364799999999995,6.495860000000001,6.604560000000003
2021-05-07,5.601,5.530500000000003,5.375,5.904,5.632,5.422,4.938,6.246439999999999,6.2621,6.187270000000001,6.285039999999998,5.916809999999998,6.780299999999998,6.648480000000002,6.432729999999998,6.497240000000002,6.594660000000001
2021-05-08,6.013,6.029209999999999,5.779,5.968,5.77,5.633,5.175,6.301629999999999,6.390520000000001,6.512660000000004,6.596229999999999,6.103699999999998,6.74038,6.658540000000001,6.4293000000000005,6.4912800000000015,6.565319999999999
2021-05-09,5.843,5.8552399999999984,5.683,6.112,5.992,5.566,5.096,6.184690000000001,6.241550000000002,6.166689999999997,6.269449999999997,6.160039999999997,6.7335699999999985,6.661320000000002,6.4275199999999995,6.490850000000002,6.594010000000001
2021-05-10,5.892,5.851939999999997,5.696,5.912,5.664,5.392,4.917,6.16689,6.22599,6.11086,6.278229999999997,6.081559999999999,6.772389999999998,6.645780000000002,6.414929999999997,6.478780000000003,6.579129999999997
2021-05-11,6.398,6.320499999999995,5.742,5.912,5.698,5.543,5.1,6.317289999999998,6.4202499999999985,6.591190000000003,6.620139999999999,6.084499999999999,6.72275,6.646150000000002,6.43548,6.496310000000002,6.556149999999998
2021-05-12,7.241,6.632030000000001,6.121,6.297,5.79,5.45,4.983,6.412749999999996,6.48836,6.5912900000000025,6.602279999999997,6.11669,6.860680000000002,6.720550000000003,6.45851,6.4719299999999995,6.52297
2021-05-13,6.329,6.270659999999997,5.854,5.975,5.589,5.405,4.917,6.317579999999997,6.412569999999999,6.581870000000002,6.619289999999999,6.101239999999998,6.697369999999999,6.601360000000001,6.407119999999997,6.490790000000001,6.555389999999999
2021-05-14,6.358,6.318289999999996,5.946,6.508,6.084,5.557,5.058,6.343469999999996,6.44716,6.596800000000002,6.659789999999998,6.194969999999999,6.742039999999999,6.650150000000001,6.426910000000001,6.487330000000002,6.57455
2021-05-15,6.722,6.525959999999999,5.883,6.452,5.982,5.7,5.221,6.336809999999997,6.450329999999999,6.588950000000003,6.640210000000001,6.171419999999999,6.765950000000001,6.683640000000002,6.433970000000001,6.487940000000001,6.5680200000000015
2021-05-16,7.148,6.765670000000003,6.35,7.15,6.659,6.034,5.5,6.973669999999998,6.634280000000002,6.645580000000003,6.622199999999997,6.107549999999999,6.836310000000003,6.788750000000006,6.54746,6.561979999999998,6.533259999999997
2021-05-17,8.456,7.7398099999999985,7.083,7.551,7.008,6.208,5.543,6.94026,6.6097,6.699780000000001,6.648149999999998,5.888699999999997,6.979460000000005,6.884890000000005,6.704089999999997,6.59682,6.5323400000000005
2021-05-18,8.859,7.675350000000001,6.746,7.914,6.936,5.812,5.267,7.0852699999999995,6.645299999999999,6.681480000000001,6.637769999999996,5.75742,7.977220000000005,7.449400000000002,6.712249999999999,6.53177,6.41694
2021-05-19,9.421,6.979919999999994,5.754,7.259,6.352,5.616,5.112,6.97767,6.598149999999997,6.594200000000003,6.467709999999995,5.949939999999998,6.9278200000000005,6.724760000000003,6.384450000000002,6.27884,6.126619999999998
2021-05-20,8.723,6.822319999999995,5.529,7.432,6.771,6.183,5.629,7.029059999999999,6.6750500000000015,6.6509,6.615969999999993,5.909339999999999,6.911750000000001,6.851670000000005,6.67449,6.554569999999999,6.440629999999999
2021-05-21,7.924,7.477679999999999,6.296,8.252,7.52,6.631,6.0,8.251010000000003,7.7261,7.07527,6.887630000000002,5.744189999999995,7.903850000000003,7.642619999999997,7.066020000000001,6.816860000000003,6.573300000000002
2021-05-22,8.863,7.903860000000002,6.583,8.083,7.37,6.424,5.622,8.150810000000007,7.673670000000003,6.911180000000002,6.7088600000000005,5.6591299999999976,8.032960000000006,7.624829999999999,6.950520000000003,6.653960000000001,6.474590000000003
2021-05-23,8.665,6.971459999999997,5.925,7.762,7.101,6.065,5.408,7.09321,6.6906399999999975,6.631420000000002,6.581249999999994,5.857099999999999,6.992000000000003,6.795500000000004,6.478140000000001,6.413959999999998,6.327849999999999
2021-05-24,7.879,6.394859999999997,5.471,7.456,6.853,5.817,5.242,7.211820000000002,6.7140799999999965,6.636920000000003,6.595049999999994,6.049580000000001,6.939450000000002,6.797490000000006,6.46516,6.406489999999998,6.383619999999997
2021-05-25,7.79,7.527429999999998,6.817,7.399,6.908,6.038,5.512,6.960139999999998,6.630359999999996,6.650020000000001,6.6160599999999965,5.915179999999999,6.931060000000003,6.820920000000004,6.50081,6.466009999999999,6.427079999999998
2021-05-26,8.306,7.517509999999998,6.454,6.889,6.23,5.51,4.887,6.660879999999999,6.56766,6.598230000000001,6.465569999999997,5.950449999999998,6.902710000000003,6.737070000000006,6.4389,6.351099999999995,6.197699999999998
2021-05-27,8.785,6.396679999999998,5.417,6.462,5.833,5.065,4.517,6.489569999999995,6.483789999999998,6.589680000000004,6.514799999999995,6.059860000000002,6.910350000000003,6.673340000000004,6.360240000000002,6.356650000000001,6.223209999999999
2021-05-28,7.046,5.89878,4.954,6.623,5.925,5.25,4.708,6.492509999999998,6.468439999999999,6.596960000000003,6.5887699999999985,6.163229999999999,6.845740000000003,6.670310000000004,6.379850000000002,6.458760000000001,6.49326
2021-05-29,6.571,5.926599999999996,5.167,6.612,6.301,5.982,5.496,6.47431,6.521829999999999,6.625230000000001,6.689659999999996,6.099649999999998,6.764310000000003,6.676160000000005,6.46412,6.488160000000001,6.581790000000001
2021-05-30,5.869,5.96237,5.337,6.865,6.866,6.813,6.35,6.97484,6.867880000000002,6.774719999999999,6.86376,5.927739999999999,7.018220000000006,7.0144800000000025,6.931209999999997,6.842880000000001,6.838550000000006
2021-05-31,5.691,5.7014700000000005,5.608,7.086,7.03,6.945,6.488,7.17944,6.899890000000002,6.782359999999998,6.871270000000001,5.880499999999997,7.0353300000000045,7.02406,6.951730000000003,6.82561,6.765870000000003
2021-06-01,6.971,6.926400000000002,6.329,7.569,7.349,6.715,6.204,7.18016,6.936089999999998,6.848540000000002,6.860770000000002,5.845519999999998,7.0480600000000075,7.016240000000005,6.962930000000004,6.789990000000004,6.671140000000001
2021-06-02,7.593,7.185470000000004,6.883,7.536,6.891,6.438,5.929,7.027800000000001,6.761210000000001,6.760350000000003,6.800840000000003,5.835309999999995,7.112810000000003,6.953960000000002,6.979919999999997,6.9832999999999945,7.066529999999996
2021-06-03,8.649,7.862309999999997,7.104,7.573,6.94,6.495,6.012,6.959490000000001,6.879859999999999,7.037540000000003,7.350850000000005,7.050800000000004,7.133860000000006,7.022030000000002,7.026289999999998,7.025199999999993,7.125559999999995
2021-06-04,8.769,8.006229999999995,7.121,8.216,7.579,6.676,6.092,8.277050000000001,7.900810000000003,7.6542300000000045,7.544859999999997,6.717829999999997,8.127860000000007,7.979359999999997,7.3596799999999964,7.158600000000002,7.066010000000006
2021-06-05,8.991,7.722189999999996,6.592,7.483,6.918,6.169,5.629,6.878350000000001,6.583319999999999,6.6262,6.556949999999996,5.826949999999999,6.954060000000002,6.855840000000004,6.654700000000002,6.52981,6.435559999999998
2021-06-06,9.313,8.015709999999999,6.342,7.872,6.911,6.12,5.612,6.928420000000001,6.620270000000001,6.624719999999999,6.543719999999995,5.7728899999999985,7.03899,6.861900000000003,6.6551300000000015,6.5171199999999985,6.383499999999998
2021-06-07,8.957,7.586109999999992,6.238,7.637,6.68,6.182,5.658,6.932099999999998,6.635320000000002,6.64034,6.547159999999996,5.724079999999999,7.014320000000002,6.852000000000004,6.702329999999998,6.5392399999999995,6.400079999999997
2021-06-08,10.29,7.399059999999999,6.0,9.036,7.735,6.158,5.452,8.897840000000002,7.937400000000004,6.963199999999998,6.505419999999999,5.315740000000002,8.341340000000004,7.81039,7.024349999999999,6.683520000000003,6.283020000000004
2021-06-09,6.871,6.5453800000000015,5.625,8.145,6.877,6.035,5.45,7.27222,6.754420000000002,6.698420000000002,6.686059999999994,6.019629999999998,7.807070000000002,7.391630000000005,6.752509999999998,6.61577,6.528479999999999
2021-06-10,7.044,6.510920000000002,5.542,8.658,7.354,6.175,5.621,7.5349299999999975,6.851040000000004,6.7251400000000015,6.702319999999998,5.9170399999999965,7.903060000000003,7.613810000000001,6.93151,6.6946,6.474770000000001
2021-06-11,7.111,6.908880000000002,5.683,9.121,8.437,7.296,6.663,8.904729999999999,8.114629999999996,7.305969999999997,6.868350000000001,5.700299999999996,8.738729999999999,8.27995,7.3326999999999956,6.902830000000006,6.555100000000003
2021-06-12,7.887,7.437129999999999,6.396,9.163,8.232,7.292,6.633,8.72066,8.143229999999996,7.326779999999998,6.865800000000003,5.662829999999994,8.17185,7.913259999999997,7.242989999999995,6.841840000000003,6.443540000000004
2021-06-13,8.878,8.641509999999997,7.396,9.408,8.475,7.222,6.429,9.077579999999998,8.57881,7.998700000000002,7.487929999999998,6.81698,8.860009999999996,8.362369999999995,7.350639999999996,6.830780000000003,6.45391
2021-06-14,10.309,8.713659999999997,7.267,8.479,7.473,6.742,6.179,9.267549999999995,8.733580000000003,8.046049999999997,7.560349999999995,6.843809999999999,8.725130000000002,8.35355,7.445119999999998,7.07756,6.914720000000004
2021-06-15,10.34,8.886469999999996,7.275,8.907,8.278,7.508,6.904,9.259659999999995,8.74288,7.9828199999999985,7.432769999999998,6.733080000000001,8.74001,8.325529999999993,7.3381,6.833470000000001,6.4782100000000025
2021-06-16,10.132,9.175479999999999,7.842,9.986,9.063,8.079,7.492,9.75483,9.1,8.126370000000003,7.511259999999998,6.463289999999997,8.85719,8.419349999999996,7.529599999999999,6.87491,6.394440000000004
2021-06-17,9.661,9.163019999999994,8.162,9.655,8.448,7.58,6.971,9.303549999999994,8.758240000000002,7.991400000000003,7.462639999999998,6.677669999999998,8.897629999999998,8.380419999999999,7.380689999999999,6.824670000000002,6.430060000000002
2021-06-18,11.011,9.456859999999999,8.013,9.61,8.489,7.68,7.117,9.432889999999999,8.816349999999998,7.9242799999999995,7.44674,6.612440000000001,8.938729999999994,8.412679999999993,7.407819999999998,6.832650000000004,6.4049600000000035
2021-06-19,11.315,9.237659999999998,7.708,9.803,8.972,7.814,7.138,9.77962,9.085630000000005,8.10188,7.4998099999999965,6.4538,8.945649999999995,8.405599999999994,7.439860000000001,6.841810000000002,6.370180000000002
2021-06-20,11.276,9.24760999999999,7.492,9.362,8.513,7.271,6.538,9.44836,8.803689999999998,8.07293,7.45693,6.675740000000002,8.793929999999998,8.344359999999993,7.250149999999998,6.754969999999999,6.417689999999999
2021-06-21,10.349,8.416639999999996,6.879,8.757,7.96,7.084,6.542,9.326549999999996,8.75101,8.108239999999997,7.464629999999997,6.7571600000000025,8.698180000000002,8.312789999999996,7.28955,6.80347,6.5159800000000025
2021-06-22,10.221,8.29276,6.675,9.101,8.414,7.498,6.817,9.453390000000002,8.799829999999998,8.167869999999995,7.429709999999996,6.738370000000001,8.782689999999997,8.353179999999995,7.361959999999998,6.859810000000001,6.420410000000003
2021-06-23,9.57,8.160689999999999,6.633,9.74,8.837,7.48,6.708,9.69916,9.117819999999998,8.19376,7.458639999999997,6.772560000000002,8.955079999999992,8.369469999999996,7.377839999999997,6.84582,6.406830000000003
2021-06-24,7.517,7.189400000000001,6.179,9.496,8.476,7.66,7.008,8.956420000000001,8.118079999999994,7.298789999999998,6.868590000000001,5.692149999999995,8.89312,8.368960000000001,7.414189999999998,6.906360000000006,6.4916800000000014
2021-06-25,8.492,7.56616,6.429,9.483,8.889,8.278,7.638,9.029340000000001,8.44956,7.8041,7.447409999999999,6.613399999999998,8.787380000000002,8.386770000000002,7.5753999999999975,6.985020000000004,6.589980000000002
2021-06-26,7.815,7.6332599999999955,6.858,9.77,9.268,8.589,7.948,8.864799999999997,8.37155,7.745099999999997,7.5751800000000005,6.5810900000000006,8.79277,8.517550000000005,7.82211,7.317930000000001,6.95079
2021-06-27,9.139,8.826569999999997,7.625,9.687,9.044,7.96,7.2,9.272809999999996,8.7423,7.969100000000005,7.473369999999997,6.572140000000001,8.867099999999999,8.344649999999996,7.4914599999999965,6.856360000000003,6.440870000000003
2021-06-28,10.297,9.170589999999994,7.679,9.591,8.141,6.716,5.919,9.380799999999995,8.78711,8.03906,7.468739999999998,6.84034,8.995099999999997,8.421999999999997,7.2472299999999965,6.758899999999999,6.432850000000002
2021-06-29,9.842,8.315470000000001,6.996,8.193,7.011,6.339,5.75,7.123770000000002,6.686429999999999,6.970280000000006,7.263230000000002,6.947380000000004,8.073330000000006,7.6443600000000025,7.0520299999999985,6.855980000000004,6.672930000000003
2021-06-30,8.853,7.895049999999998,6.583,8.465,7.428,6.616,6.033,8.823709999999995,8.133149999999997,7.2483299999999975,6.902540000000001,5.710299999999995,8.065140000000005,7.664099999999993,7.01182,6.659610000000004,6.3765700000000045
2021-07-01,8.917619999999998,7.202020000000001,5.862,8.858,7.58,6.446,5.817,8.89085,7.9710800000000015,6.982229999999998,6.507589999999998,5.3249600000000035,8.243430000000004,7.697079999999999,7.048459999999999,6.696340000000003,6.273050000000003
2021-07-02,7.032789999999995,6.521580000000005,5.462,8.246,7.326,6.624,6.025,7.533509999999996,7.002429999999997,6.829460000000004,6.84839,5.846919999999996,7.774759999999998,7.542830000000002,7.014519999999999,6.867350000000003,6.6987400000000035
2021-07-03,7.339,6.986330000000001,5.975,8.624,8.543,8.322,7.708,8.798309999999995,8.07462,7.254129999999996,6.854470000000003,5.668479999999997,8.538180000000002,8.398520000000005,7.7830100000000035,7.322250000000004,6.969739999999999
2021-07-04,7.904,7.6612299999999935,7.033,9.687,9.547,9.325,8.842,8.865960000000001,8.390659999999999,7.846820000000003,7.70476,6.61317,8.82191,8.575230000000003,7.944040000000001,7.426360000000001,7.06122
2021-07-05,9.352,9.038559999999995,8.479,10.143,9.906,9.343,8.771,9.329209999999994,8.78857,8.20236,7.754529999999993,6.51426,9.070350000000003,8.738769999999995,8.14335,7.55279,7.073319999999995
2021-07-06,10.297,10.194719999999997,10.029,10.674,9.97,9.293,8.652,10.099079999999999,9.548669999999996,8.548640000000008,7.915169999999996,6.8990100000000005,9.86157,9.478499999999995,8.330790000000002,7.5011699999999975,6.82212
2021-07-07,10.906,10.751580000000008,10.775,11.049,10.432,9.555,8.962,10.979740000000003,10.208929999999999,8.980530000000003,8.257649999999998,7.0618099999999995,10.013029999999999,9.547549999999992,8.356350000000003,7.486559999999998,6.751960000000001
2021-07-08,11.826,11.242079999999998,10.846,11.078,10.143,9.396,8.858,10.99972,10.277879999999998,9.048680000000003,8.390910000000002,7.16299,10.000699999999998,9.535759999999996,8.352470000000006,7.499159999999997,6.773660000000001
2021-07-09,12.042,11.636020000000004,11.396,11.628,11.188,10.743,10.204,11.483120000000003,10.96849,9.95511,8.476750000000001,7.165300000000006,11.501720000000002,10.90966,9.584670000000003,8.395619999999994,7.710000000000001
2021-07-10,12.887,12.407990000000007,12.571,12.879,12.249,10.891,10.158,12.368549999999997,11.481059999999998,10.04219,8.52666,7.229690000000005,12.360910000000006,11.60102999999999,9.725540000000002,8.523139999999996,7.683860000000001
2021-07-11,13.336,12.394550000000011,10.209,12.751,11.814,10.986,10.348,12.393180000000003,11.506919999999994,10.060079999999997,8.448420000000004,7.096060000000003,12.298840000000002,11.570509999999995,9.948280000000002,8.767100000000001,7.842779999999996
2021-07-12,13.551,12.503030000000013,9.971,12.859,11.687,10.807,10.188,12.288749999999999,11.430879999999997,10.025239999999998,8.50308,7.225870000000004,12.31466000000001,11.534079999999994,9.677839999999998,8.527199999999995,7.72588
2021-07-13,12.86,11.942120000000003,9.525,12.53,11.769,10.791,10.071,12.22417,11.513009999999994,9.942139999999997,8.507090000000003,7.241100000000001,12.261420000000005,11.589249999999995,9.80133,8.7144,7.827559999999997
2021-07-14,13.649,12.514000000000003,10.135,13.435,12.93,11.875,11.1,12.938030000000008,12.160429999999998,10.532219999999997,8.484739999999997,7.176180000000005,12.647640000000006,12.039879999999997,10.512390000000003,8.979070000000002,7.746219999999997
2021-07-15,13.701,12.6328,10.63,14.036,13.102,11.911,11.1,12.97009000000001,12.154739999999995,10.562359999999995,8.461999999999998,7.100450000000003,12.78325,12.032689999999995,10.504910000000002,8.980690000000001,7.736289999999997
2021-07-16,13.639,12.475990000000015,9.824,13.802,12.753,11.16,10.278,12.809160000000006,11.880479999999995,10.083809999999998,8.488710000000001,7.179050000000005,12.457140000000006,11.667119999999997,9.936080000000006,8.762299999999996,7.772969999999998
2021-07-17,14.768,12.020609999999994,9.095,13.15,11.714,10.109,9.258,12.120889999999992,10.822670000000008,8.806080000000003,7.519169999999997,6.1654899999999975,11.902560000000003,11.11185999999999,9.248369999999996,8.13884999999999,7.220639999999999
2021-07-18,14.315,11.900100000000002,8.862,12.305,10.883,9.477,8.717,11.466500000000002,10.426740000000002,8.865680000000003,7.9521299999999995,6.7811800000000035,11.111229999999999,10.174470000000007,8.679870000000001,7.55104,6.688349999999999
2021-07-19,14.094,11.967030000000001,9.209,12.266,10.903,9.573,8.83,11.46245,10.442670000000005,8.873090000000003,7.964900000000001,6.764310000000004,11.076739999999997,10.190030000000005,8.71754,7.556700000000001,6.68861
2021-07-20,14.189,12.69481000000001,9.732,12.144,10.832,9.353,8.67,11.401760000000007,10.401590000000004,8.870270000000003,7.962519999999999,6.8001,11.017529999999992,10.067400000000003,8.628980000000002,7.561669999999998,6.71921
2021-07-21,13.604,11.903459999999997,9.295,11.432,10.461,9.285,8.667,11.004170000000004,10.161799999999996,8.780860000000008,7.912439999999996,6.83532,10.138100000000001,9.519999999999996,8.356910000000008,7.5193799999999955,6.913710000000002
2021-07-22,12.56,11.780360000000007,9.679,11.656,10.66,9.718,9.083,10.960910000000002,10.139439999999997,8.888380000000007,7.996839999999999,6.783929999999999,10.275569999999995,9.660839999999997,8.46035,7.503729999999995,6.811160000000002
2021-07-23,11.833,11.024639999999994,9.792,12.39,11.165,10.146,9.508,11.780720000000004,10.800320000000006,9.275690000000003,8.246820000000007,6.982840000000005,11.598360000000003,10.571319999999996,9.305499999999999,8.142789999999993,7.268920000000001
2021-07-24,12.897,12.07681,10.225,11.999,11.063,10.106,9.336,11.465740000000007,10.528970000000005,9.135870000000004,8.353070000000008,7.054460000000002,11.32211,10.409250000000007,8.98799,7.975619999999996,7.176490000000004
2021-07-25,12.853,12.13479,10.627,11.78,10.725,9.803,9.212,11.031730000000007,10.223610000000003,8.899660000000006,8.035510000000002,6.80619,10.63719,9.970629999999998,8.67199,7.608439999999998,6.901250000000008
2021-07-26,13.002,12.337090000000003,10.483,11.78,10.935,9.935,9.338,10.987960000000005,10.239790000000005,9.104200000000002,8.330420000000005,6.982890000000001,10.63579,10.05299,8.750389999999998,7.669999999999996,7.017170000000008
2021-07-27,13.687,12.62874,10.217,11.841,10.822,9.982,9.291,10.867720000000002,10.154860000000006,9.103900000000003,8.205040000000004,6.952160000000004,10.643059999999998,10.010019999999997,8.70873,7.672309999999997,6.989840000000007
2021-07-28,13.573,11.926629999999996,9.271,11.62,10.668,9.708,9.026,10.9596,10.143629999999998,8.852450000000006,7.983039999999997,6.769860000000003,10.245989999999999,9.649629999999997,8.446890000000002,7.486859999999994,6.905770000000003
2021-07-29,11.51,10.605520000000004,9.175,11.861,10.529,9.405,8.717,11.190620000000001,10.232910000000002,8.800620000000007,7.966689999999997,6.804470000000002,10.449549999999997,9.705309999999999,8.30691000000001,7.466999999999996,6.81916
2021-07-30,13.6,11.569650000000003,8.971,12.077,11.119,9.92,9.146,11.418070000000002,10.446260000000004,8.875520000000003,8.006110000000001,6.766910000000004,11.103419999999995,10.231480000000007,8.77986,7.624169999999997,6.788130000000002
2021-07-31,12.683,10.866509999999995,8.338,12.207,11.011,8.294,7.529,11.58518000000001,10.35357,8.848950000000006,7.796219999999994,6.710309999999997,10.539639999999993,9.681530000000002,8.28593000000001,7.419639999999994,6.773290000000002
2021-08-01,11.68,10.321270000000002,8.35,11.228,9.303,7.667,6.942,10.492740000000003,9.348369999999996,8.228009999999996,7.524050000000002,6.359760000000002,10.17102,9.016430000000003,7.612060000000006,6.872960000000003,6.287680000000002
2021-08-02,13.424,11.190310000000004,7.896,10.379,8.934,7.573,6.842,10.671060000000002,9.459349999999997,8.241479999999994,7.518380000000002,6.44503,10.046619999999999,9.018130000000006,7.581760000000007,6.88658,6.300240000000001
2021-08-03,10.65,9.79391,8.237,11.355,9.452,7.893,7.267,10.2048,9.263519999999996,8.21171,7.51769,6.39974,10.165920000000002,9.026290000000003,7.628750000000005,6.863730000000001,6.278660000000003
2021-08-04,12.147,10.849749999999997,8.852,10.958,9.547,8.192,7.408,11.248289999999997,9.919989999999997,8.35323,7.465960000000001,6.294290000000001,10.11186,9.194200000000002,7.990340000000006,7.1854,6.5010900000000005
2021-08-05,12.193,10.859229999999995,8.962,10.88,9.808,8.49,7.522,11.311820000000003,9.990569999999998,8.370870000000002,7.480840000000003,6.215540000000001,10.106889999999998,9.245160000000004,8.014430000000003,7.216519999999995,6.52758
2021-08-06,12.874,11.408419999999996,9.362,12.251,10.773,8.502,7.559,11.44977,10.335799999999999,8.809040000000001,7.842479999999998,7.033109999999996,11.131899999999998,10.134800000000006,8.58482,7.508429999999997,6.657889999999998
2021-08-07,12.655,10.664900000000003,8.158,11.413,9.554,7.857,7.179,11.312790000000009,9.930109999999996,8.334810000000001,7.478579999999997,6.289380000000002,10.357019999999999,9.048650000000004,7.662120000000003,6.884010000000002,6.188170000000002
2021-08-08,12.075,10.681890000000003,8.321,11.508,9.933,8.398,7.622,11.349050000000002,9.770219999999993,8.249539999999998,7.459070000000001,6.193690000000004,10.339440000000002,9.182660000000004,7.986719999999999,7.160229999999998,6.481989999999999
2021-08-09,11.856,10.309200000000006,8.321,12.323,10.76,8.789,7.952,11.710890000000004,10.32321,8.740220000000008,7.677479999999994,6.372209999999998,11.073799999999999,9.99216,8.342300000000012,7.440569999999996,6.68846
2021-08-10,11.759,10.888270000000002,9.358,13.564,12.964,11.593,10.818,12.619520000000007,11.741700000000002,10.146969999999994,8.434640000000003,7.06575,12.359560000000004,11.737409999999997,10.152180000000005,8.916470000000002,7.930570000000002
2021-08-11,12.518,11.94968,10.029,13.927,12.988,11.024,10.044,12.550950000000006,11.612559999999995,10.002249999999998,8.483490000000002,7.171320000000005,12.427780000000006,11.620949999999995,9.800270000000001,8.73543,7.763309999999997
2021-08-12,13.283,12.23613000000001,9.858,12.499,11.159,9.953,9.114,11.699470000000003,10.559450000000005,9.019780000000003,8.091980000000001,6.836360000000004,11.400129999999995,10.372160000000008,8.890579999999998,7.883299999999992,7.037380000000005
2021-08-13,13.49769000000001,12.547540000000012,10.168379999999992,12.412,11.219,9.536,8.219,12.3161,11.348439999999997,10.541,10.1,9.9,13.077,11.872199999999994,10.384,9.685,9.133
2021-08-14,12.911,10.578,9.154,11.149,10.064,9.033,8.067,11.71178,10.986349999999995,10.011,9.097,8.48,12.127,11.202609999999998,9.782,9.187,8.792
2021-08-15,12.857,10.454,8.904,11.157,9.827,8.841,7.896,11.775779999999997,10.987059999999996,9.634,8.494,7.88,12.319,11.25136,9.881,9.088,8.492
2021-08-16,10.364,9.293,8.562,11.197,9.83,8.708,7.663,11.085480000000002,10.317849999999998,9.257,8.233,7.814,11.802,10.77031,9.662,9.102,8.696
2021-08-17,10.797,9.794,9.092,11.29,10.208,8.907,7.723,11.41915,10.651599999999995,9.036,8.099,7.817,12.282,11.38487,10.472,9.049,8.248
2021-08-18,12.4,10.732,9.261,10.929,9.624,8.226,7.032,11.348740000000006,10.54997,9.004,8.447,8.233,11.594,10.365380000000009,9.112,8.339,7.633
2021-08-19,12.506,10.685,9.317,10.815,9.628,8.365,7.283,11.236900000000002,10.343249999999998,9.167,8.59,8.279,10.958,10.019820000000005,8.52,7.671,7.004
2021-08-20,11.576,9.985,8.817,10.436,9.424,8.322,7.325,10.935129999999997,10.062600000000003,9.012,8.477,8.175,10.323,9.390230000000004,8.129,7.379,6.871
2021-08-21,10.847,9.417,8.479,9.81,9.172,8.433,7.458,9.651550000000007,9.318979999999994,9.024,8.438,8.0,10.1,9.349529999999998,8.224,7.586,7.096
2021-08-22,10.848,9.45,8.804,10.392,9.677,8.758,7.729,10.884789999999995,10.20189,9.584,8.799,8.278,11.354,10.45208,9.52,8.653,8.217
2021-08-23,12.131,10.687,9.325,11.676,11.047,10.013,8.986,12.011909999999999,11.351609999999999,11.01,9.976,9.187,13.28,12.011399999999997,11.023,9.323,8.25
2021-08-24,12.68,12.084,10.108,11.991,10.978,9.613,8.608,12.054140000000004,11.358109999999993,11.11,10.261,9.506,13.137,11.843399999999992,10.539,9.212,8.604
2021-08-25,13.303,12.544,9.925,10.954,10.256,9.558,8.612,11.606150000000003,11.156679999999993,10.813,9.894,9.338,12.061,11.187919999999995,10.261,9.506,9.026
2021-08-26,13.864,12.125,9.754,10.779,10.045,9.309,8.383,11.115210000000005,10.720299999999993,10.502,9.936,9.438,11.34,10.341950000000004,9.471,8.48,7.967
2021-08-27,14.108,11.787,9.754,11.217,9.85,8.905,7.925,11.258540000000004,10.794649999999997,10.598,9.803,9.164,11.419,10.309750000000006,9.401,8.757,8.145
2021-08-28,11.957,10.372,9.1,11.608,10.386,8.972,7.862,11.532550000000006,10.803809999999997,10.33,9.449,9.024,11.481,10.421540000000002,9.233,8.468,7.629
2021-08-29,13.832,13.008,10.308,12.873,11.545,9.837,8.691,12.398970000000004,11.434679999999997,11.181,10.518,9.791,12.618,11.828989999999997,10.404,8.761,7.792
2021-08-30,14.875,14.102,11.146,13.264,12.38,10.723,9.445,13.044830000000006,12.477810000000007,11.506,10.818,10.383,13.256,12.444759999999988,11.192,9.619,8.574
2021-08-31,15.023,13.946,10.554,13.098,11.607,9.864,8.727,12.364139999999997,11.423229999999991,11.485,10.722,10.026,12.699,11.495699999999994,9.29,8.304,7.926
2021-09-01,14.749,12.997,10.342,11.93,10.367,9.396,8.446,11.649290000000008,11.132529999999992,11.487,10.492,9.713,12.27,11.144110000000001,9.575,8.461,7.765
2021-09-02,13.946,12.632,10.508,12.327,11.415,10.424,9.271,12.773269999999998,12.580250000000001,12.113,11.28,10.674,14.69,13.494789999999991,10.904,9.449,8.952
2021-09-03,13.33,11.289,9.592,13.56,11.43,8.289,8.171,11.668810000000006,10.755079999999998,11.252,9.77,9.361,10.205,8.851629999999995,6.852,6.258,6.658
2021-09-04,12.082,9.829,8.217,12.268,9.589,8.353,7.325,11.65825000000001,10.344600000000005,8.997,7.877,7.268,10.578,9.286900000000006,7.911,7.102,6.792
2021-09-05,9.778,8.331,7.575,10.644,9.257,8.146,7.067,9.89772,9.188639999999992,8.407,7.443,7.062,10.345,9.232610000000005,8.022,7.434,6.988
2021-09-06,11.284,10.194,8.983,10.606,9.818,8.764,7.591,11.199309999999999,10.466139999999998,8.841,7.844,7.467,10.878,10.194070000000009,9.163,8.232,7.746
2021-09-07,11.775,10.419,8.958,10.051,9.0,7.911,6.682,10.681699999999996,9.969159999999997,8.836,8.186,7.778,10.361,9.068050000000007,7.541,6.808,6.55
2021-09-08,10.626,9.47,8.35,9.034,8.29,7.629,6.65,9.28885,9.035300000000001,8.817,7.987,7.483,9.12,8.505229999999997,7.388,6.97,6.629
2021-09-09,10.542,9.401,8.483,9.524,8.816,8.125,7.196,9.517290000000001,9.333369999999995,9.116,8.246,7.49,9.888,9.605079999999997,8.81,8.111,7.271
2021-09-10,11.163,9.651,8.65,10.145,9.505,8.468,7.442,10.608399999999996,10.02583,9.018,7.915,7.27,10.334,9.928820000000002,8.89,7.901,7.238
2021-09-11,10.79,9.539,8.479,10.449,9.681,8.153,7.175,10.690350000000002,9.678920000000003,8.669,7.342,6.992,10.027,9.188429999999997,7.958,7.058,6.7
2021-09-12,10.62,9.663,8.517,9.484,8.674,7.643,6.465,9.440349999999997,8.814680000000001,7.882,7.306,7.112,9.659,9.040570000000002,7.761,6.95,6.458
2021-09-13,11.123,9.516,7.971,9.416,8.341,7.023,6.067,9.51298,8.856029999999999,7.867,7.248,6.971,8.73,8.13122,6.819,6.356,6.121
2021-09-14,9.521,8.15,7.254,8.317,7.628,7.128,6.229,9.240629999999996,8.695250000000005,8.016,7.346,6.945,8.296,7.75165,7.036,6.705,6.479
2021-09-15,9.074,8.185,7.408,8.741,7.798,7.107,6.154,9.033269999999995,8.574149999999998,8.168,7.435,6.765,9.101,8.709369999999998,8.058,7.543,7.226
2021-09-16,10.276,9.61,8.246,9.819,8.797,7.64,6.671,9.409829999999996,8.792680000000002,7.988,7.352,7.036,9.477,8.728570000000001,7.696,6.972,6.738
2021-09-17,10.466,9.575,7.812,9.523,8.688,7.894,6.958,9.303119999999996,8.950140000000003,8.674,8.096,7.762,8.895,8.438699999999997,7.467,6.999,6.754
2021-09-18,12.946,11.625,9.254,10.057,9.452,8.509,7.521,10.767040000000001,10.449589999999999,10.229,9.606,8.927,10.174,9.836569999999998,8.827,8.179,7.771
2021-09-19,13.926,12.977,9.483,11.991,11.309,9.586,8.455,11.77428,11.418049999999996,12.518,11.603,10.376,11.218,10.667119999999995,9.944,8.818,7.938
2021-09-20,14.212,13.734,12.105,14.236,13.853,12.863,11.65,14.249210000000003,14.07079000000001,14.417,14.013,13.567,13.206,13.20246,12.311,11.388,10.217
2021-09-21,15.827,15.584,15.029,15.463,15.184,14.531,13.575,15.341149999999997,14.909430000000002,14.732,14.234,13.704,14.843,14.544860000000002,13.937,12.854,11.085
2021-09-22,16.265,16.075,15.446,15.565,15.311,14.894,14.025,15.56493000000001,15.268890000000006,14.39,13.994,13.742,15.36,15.143169999999996,14.624,13.514,12.15
2021-09-23,16.608,16.135,14.804,15.718,15.538,15.281,14.467,15.85346000000001,15.628250000000007,15.081,14.785,14.429,15.716,15.464179999999999,15.164,14.82,14.109
2021-09-24,16.843,16.049,14.804,16.206,15.935,15.664,14.854,16.08482,15.95206,15.758,15.36,14.855,16.165,16.026899999999998,15.682,15.173,14.3
2021-09-25,17.091,16.784,16.071,16.62,16.445,16.12,15.288,16.589790000000008,16.42570999999999,16.231,15.63,15.188,16.902,16.62111999999999,16.613,15.756,14.489
2021-09-26,17.629,17.521,17.279,17.147,17.057,16.83,16.004,17.57548999999999,17.25018999999999,16.911,16.665,16.325,17.287,17.221780000000013,17.097,16.85,15.868
2021-09-27,17.694,17.566,15.905,17.219,17.03,16.416,15.471,17.527389999999986,17.26169999999999,17.14,16.562,15.645,17.21,16.841169999999995,15.572,14.014,13.305
2021-09-28,17.888,17.599,15.237,16.719,16.089,14.914,13.967,16.397659999999995,15.933509999999998,15.846,14.568,13.675,16.354,15.880340000000006,14.472,12.838,11.418
2021-09-29,17.574,15.766,13.371,16.212,15.02,13.93,12.95,15.596260000000003,15.297080000000005,15.512,14.199,13.276,16.024,15.364630000000002,14.364,13.175,11.721
2021-09-30,16.329,15.154,13.309,16.407,15.633,14.658,13.633,15.907370000000004,15.624450000000003,16.033,14.422,13.179,16.476,15.952519999999991,15.49,14.577,13.35
2021-10-01,16.235,15.643,14.275,16.454,16.016,14.978,14.004,15.913749999999999,15.535040000000006,15.05,14.296,13.842,16.548,16.068089999999998,15.224,13.536,11.791
2021-10-02,15.944,15.513,14.1,16.069,15.496,14.079,12.967,15.829710000000004,15.322440000000004,14.549,13.967,13.558,16.435,15.82205999999999,14.372,12.675,11.652
2021-10-03,15.881,15.31,12.832,15.862,15.012,13.553,12.429,15.45106,15.105140000000013,14.693,13.772,13.179,15.725,15.121729999999992,13.978,12.221,11.229
2021-10-04,15.489,14.682,12.852,15.594,15.201,13.975,12.979,15.408959999999993,15.12919000000001,14.946,14.187,13.288,16.455,15.884839999999988,15.167,13.906,12.242
2021-10-05,15.209,14.891,13.879,15.468,15.168,14.419,13.462,15.264229999999989,14.985610000000003,14.934,14.507,14.121,16.447,15.928989999999981,15.433,14.303,12.822
2021-10-06,15.552,15.357,15.083,15.636,15.425,15.032,14.212,15.770440000000006,15.454840000000006,15.19,14.707,14.312,15.989,15.536329999999994,15.041,14.176,12.996
2021-10-07,15.941,15.666,15.142,15.681,15.523,15.224,14.417,15.836800000000009,15.577670000000005,15.062,14.705,14.358,15.507,15.315169999999998,14.502,13.665,12.279
2021-10-08,16.072,15.912,15.345,15.903,15.766,15.424,14.546,15.879760000000001,15.635980000000009,15.161,14.928,14.654,16.071,15.692109999999992,15.253,14.457,13.026
2021-10-09,15.827,15.694,15.367,16.342,16.29,16.228,15.446,16.405540000000013,16.191779999999998,15.653,15.644,15.567,16.547,16.34481000000001,16.313,16.033,15.086
2021-10-10,16.376,16.208,15.854,16.488,16.422,16.358,15.588,16.449110000000008,16.28906999999999,15.629,15.696,15.658,16.666,16.46738000000001,16.434,16.291,16.033
2021-10-11,16.534,16.396,15.913,16.551,16.515,16.474,15.704,16.494940000000007,16.322249999999993,15.753,15.73,15.65,16.694,16.49930000000001,16.487,16.33,16.037
2021-10-12,16.651,16.533,16.396,16.467,16.46,16.447,15.675,16.468600000000006,16.303059999999988,15.993,15.967,15.85,16.711,16.513469999999998,16.55,16.431,16.165
2021-10-13,16.911,16.764,16.625,16.515,16.436,16.296,15.504,16.56255,16.49026999999999,16.379,16.375,16.262,16.813,16.64416,16.573,16.375,15.671
2021-10-14,17.063,16.95,16.858,16.553,16.439,16.337,15.562,16.611549999999998,16.52496999999999,16.429,16.439,16.338,16.721,16.523819999999994,16.334,15.962,15.583
2021-10-15,17.049,16.972,16.983,16.709,16.612,16.481,15.683,16.659929999999996,16.587649999999986,16.604,16.591,16.508,16.834,16.734229999999997,16.578,16.445,16.188
2021-10-16,16.928,16.854,16.992,16.761,16.739,16.697,15.925,16.639029999999998,16.609439999999992,16.599,16.638,16.588,16.955,16.799259999999997,16.83,16.727,16.404
2021-10-17,16.827,16.747,16.979,16.661,16.648,16.633,15.871,16.597630000000002,16.586449999999992,16.473,16.526,16.488,16.795,16.749599999999994,16.712,16.656,16.558
2021-10-18,16.713,16.62,16.025,16.511,16.492,16.438,15.662,16.503840000000004,16.354529999999993,16.389,16.349,16.021,16.488,16.280070000000002,15.945,15.357,14.67
2021-10-19,16.35,16.217,14.667,16.074,16.086,16.034,15.267,16.177480000000006,16.05451,16.131,15.787,15.096,15.92,15.618170000000003,15.322,14.698,13.9
2021-10-20,15.713,15.54,14.662,15.644,15.64,15.588,14.825,15.847960000000002,15.711170000000012,15.692,15.008,14.517,15.529,15.437450000000004,15.154,14.647,13.886
2021-10-21,15.281,15.113,14.858,15.398,15.391,15.331,14.542,15.567920000000006,15.535320000000006,15.491,14.978,14.621,15.468,15.35994,15.082,14.629,13.726
2021-10-22,15.468,15.334,15.263,15.382,15.297,14.989,14.162,15.503800000000005,15.36273000000001,15.0,14.798,14.542,15.527,15.332799999999995,15.006,14.235,12.978
2021-10-23,15.623,15.5,14.683,15.284,14.925,14.03,13.029,15.30068,14.83336,14.66,14.516,14.1,15.223,14.81175999999999,14.13,13.19,12.079
2021-10-24,15.219,14.96,13.562,14.581,14.345,13.579,12.677,14.739449999999982,14.424410000000002,14.107,13.157,12.525,14.213,14.181149999999995,12.792,11.995,11.217
2021-10-25,13.679,12.513,10.929,13.365,13.002,11.949,10.904,12.969900000000006,12.771619999999995,12.597,11.449,10.878,12.387,12.378099999999995,11.261,10.182,9.418
2021-10-26,13.601,13.187,11.535,13.452,13.279,12.621,11.557,13.610460000000012,13.339869999999998,12.981,12.738,12.27,13.753,13.529550000000004,13.145,12.209,11.308
2021-10-27,13.645,13.582,13.737,13.934,13.941,13.94,13.179,13.98674000000002,13.820669999999998,13.535,13.607,13.579,13.96,14.112770000000001,13.912,13.93,13.95
2021-10-28,13.052,13.019,13.408,13.551,13.566,13.566,12.796,13.585980000000006,13.414169999999997,13.292,13.371,13.375,13.562,13.257170000000006,13.52,13.538,13.579
2021-10-29,13.033,13.048,13.267,13.611,13.625,13.571,12.792,13.598900000000006,13.365059999999994,13.064,13.189,13.175,13.422,13.256680000000006,13.422,13.402,13.408
2021-10-30,13.102,13.02,13.121,13.387,13.414,13.44,12.675,13.246100000000007,13.064109999999998,13.11,13.548,13.571,13.417,13.168940000000003,13.305,13.298,13.233
2021-10-31,13.275,13.195,13.375,13.358,13.368,13.362,12.596,13.217970000000014,13.06882,13.141,13.341,13.438,13.352,13.191120000000005,13.304,13.316,13.312
2021-11-01,13.326,13.22,13.246,13.462,13.486,13.565,12.804,13.538850000000009,13.47325,13.536,13.715,13.696,13.445,13.254480000000003,13.454,13.545,13.642
2021-11-02,13.352,13.312,13.379,13.588,13.672,13.705,12.938,13.755050000000008,13.679329999999995,13.604,13.692,13.654,13.583,13.304190000000004,13.641,13.714,13.8
2021-11-03,13.295,13.348,13.525,13.493,13.605,13.625,12.85,13.53937000000001,13.476319999999998,13.575,13.674,13.638,13.577,13.277490000000002,13.602,13.685,13.775
2021-11-04,13.339,13.44,13.708,13.431,13.458,13.42,12.658,13.536130000000012,13.431940000000004,13.622,13.653,13.546,13.364,13.262120000000005,13.434,13.524,13.6
2021-11-05,13.182,13.382,13.712,12.835,12.945,12.967,12.208,13.030200000000004,12.991890000000012,13.383,13.494,13.321,13.119,13.108390000000007,13.208,13.261,13.321
2021-11-06,12.912,12.941,13.35,12.222,12.296,12.372,11.612,12.576979999999999,12.47477,12.811,13.097,12.962,12.818,12.591479999999997,12.875,13.0,13.112
2021-11-07,12.773,12.831,13.221,12.326,12.427,12.492,11.717,12.641129999999993,12.530219999999995,12.903,12.903,12.75,12.705,12.693869999999999,12.803,12.92,13.038
2021-11-08,12.61,12.819,13.108,12.289,12.375,12.401,11.625,12.567229999999997,12.48415,12.767,12.826,12.717,12.742,12.573239999999997,12.753,12.806,12.871
2021-11-09,12.644,12.784,12.958,12.224,12.309,12.328,11.546,12.522440000000003,12.45398,12.656,12.796,12.737,12.708,12.529169999999997,12.747,12.816,12.888
2021-11-10,12.601,12.683,12.967,12.253,12.31,12.341,11.567,12.536759999999994,12.452159999999997,12.574,12.713,12.679,12.686,12.514879999999996,12.742,12.805,12.896
2021-11-11,12.315,12.332,12.804,12.048,12.193,12.395,11.646,12.250210000000003,12.328549999999991,12.388,12.603,12.604,12.523,12.437289999999987,12.596,12.708,12.829
2021-11-12,12.06,12.05,12.562,12.064,12.186,12.257,11.504,12.154370000000002,12.2212,12.254,12.509,12.529,12.253,12.25741999999999,12.232,12.345,12.513
2021-11-13,12.185,12.127,12.346,11.985,12.109,12.186,11.425,12.082650000000006,12.174950000000008,12.164,12.266,12.242,12.192,12.236729999999982,12.181,12.222,12.312
2021-11-14,12.161,12.102,12.329,12.027,12.108,12.202,11.446,12.109790000000007,12.170390000000008,12.24,12.32,12.267,12.206,12.237469999999984,12.19,12.15,12.288
2021-11-15,11.898,11.875,12.196,11.897,12.036,12.068,11.292,11.972070000000006,11.992000000000013,12.093,12.13,12.0,11.953,11.989539999999998,11.923,11.907,11.9
2021-11-16,11.694,11.963,12.283,11.351,11.65,11.798,11.05,11.821310000000004,11.848290000000004,11.871,12.023,11.946,11.545,11.650330000000004,11.398,11.335,11.396
2021-11-17,11.773,12.007,12.3,10.82,11.037,11.231,10.462,11.679400000000008,11.68367,11.552,11.681,11.642,10.9,11.080169999999999,10.844,10.782,10.783
2021-11-18,11.54,11.638,12.167,10.788,10.985,11.022,10.242,11.426519999999993,11.360389999999997,11.406,11.621,11.604,10.882,11.018779999999998,10.783,10.771,10.825
2021-11-19,11.38,11.356,11.633,10.827,10.833,10.713,9.908,11.609219999999995,11.702159999999994,11.616,11.641,11.546,10.823,10.959509999999996,10.602,10.375,10.321
2021-11-20,11.06,11.237,10.575,10.366,10.333,10.037,9.171,11.046830000000005,10.887929999999997,11.023,10.688,10.321,10.532,10.399190000000008,10.151,9.896,9.796
2021-11-21,10.669,10.75,11.017,10.266,10.326,10.297,9.492,10.918290000000002,10.911209999999997,10.785,10.739,10.567,10.533,10.513250000000006,10.36,10.241,10.167
2021-11-22,10.47,10.409,10.662,10.112,10.166,10.105,9.283,10.730369999999999,10.694049999999997,10.789,10.726,10.683,10.363,10.314240000000005,10.263,10.256,10.308
2021-11-23,10.389,10.417,10.583,9.963,10.002,9.915,9.079,10.585259999999995,10.483020000000002,10.555,10.611,10.592,10.035,10.035829999999994,9.774,9.576,9.508
2021-11-24,9.949,9.998,10.296,9.658,9.771,9.857,9.075,10.338590000000003,10.281200000000002,10.037,10.234,10.196,9.91,9.995879999999993,9.851,9.871,9.817
2021-11-25,9.71,9.781,10.133,9.35,9.505,9.54,8.746,10.118000000000006,10.058650000000004,9.753,10.223,10.233,10.035,10.018839999999994,9.705,9.531,9.458
2021-11-26,9.583,9.687,10.192,9.352,9.528,9.635,8.842,10.311469999999996,10.160630000000005,9.69,10.109,10.108,10.378,10.247069999999999,10.014,9.357,9.142
2021-11-27,9.643,9.605,9.908,9.364,9.565,9.842,9.075,10.2422,10.144790000000002,9.919,10.047,10.05,10.122,10.073280000000004,10.006,9.855,9.729
2021-11-28,9.689,9.702,9.946,9.384,9.788,9.844,9.042,10.08679000000001,10.080070000000003,9.904,10.04,10.033,9.598,9.691189999999992,9.675,9.673,9.725
2021-11-29,9.398,9.601,10.142,9.61,9.742,9.745,8.946,10.145140000000008,10.085860000000002,9.894,9.98,9.958,9.445,9.55018999999999,9.451,9.498,9.617
2021-11-30,9.293,9.558,10.029,9.033,9.244,9.454,8.7,10.027930000000005,9.967249999999998,9.706,9.866,9.821,9.433,9.540429999999992,9.467,9.556,9.671
2021-12-01,9.298,9.569,9.942,8.944,9.226,9.421,8.629,9.977470000000006,9.898209999999997,9.652,9.756,9.725,9.071,9.226389999999995,9.266,9.328,9.417
2021-12-02,9.106,9.274,9.775,9.217,9.353,9.38,8.579,9.279190000000002,9.396410000000001,9.538,9.703,9.708,9.098,9.19999,9.082,9.207,9.367
2021-12-03,9.075,9.168,9.546,9.187,9.256,9.258,8.475,9.22426,9.274030000000002,9.469,9.564,9.562,9.221,9.314039999999991,9.127,9.168,9.271
2021-12-04,8.867,9.011,9.042,8.309,8.449,8.547,7.725,8.934620000000002,9.061999999999998,8.929,8.866,8.796,8.358,8.458400000000005,8.355,8.303,8.375
2021-12-05,8.329,8.569,9.046,8.1,8.369,8.418,7.6,8.621650000000002,8.719600000000002,8.624,8.846,8.846,8.685,8.664790000000005,8.383,8.314,8.354
2021-12-06,8.028,8.326,8.85,8.113,8.253,8.306,7.488,8.326649999999999,8.342180000000003,8.523,8.656,8.675,8.998,8.901760000000007,8.783,8.683,8.55
2021-12-07,8.406,8.406,8.658,8.579,8.668,8.638,7.792,8.671290000000006,8.66717,8.486,8.657,8.692,9.036,8.921240000000001,8.826,8.735,8.704
2021-12-08,8.24,8.392,8.804,8.316,8.419,8.392,7.6,8.525930000000002,8.442060000000009,8.232,8.569,8.646,8.357,8.429760000000005,8.375,8.435,8.558
2021-12-09,7.908,8.013,8.667,7.937,8.001,7.985,7.196,8.019829999999999,7.929000000000006,7.708,8.185,8.321,8.213,8.183370000000002,8.149,8.176,8.421
2021-12-10,7.274,7.67,8.475,7.482,7.648,7.746,6.933,7.660940000000002,7.886369999999999,7.916,8.287,8.45,8.295,8.165070000000004,7.949,7.662,7.692
2021-12-11,7.601,7.611,8.067,7.212,7.396,7.543,6.771,7.786920000000004,7.833380000000008,7.797,8.072,8.171,8.251,8.11887,8.135,8.061,7.775
2021-12-12,7.894,7.859,8.058,7.942,8.076,8.142,7.304,8.03236,8.045450000000002,7.964,8.078,8.092,8.341,8.367880000000005,8.349,8.417,8.513
2021-12-13,7.899,7.972,8.175,8.079,8.362,8.337,7.496,8.17239,8.245870000000005,8.215,8.333,8.321,8.14,8.239690000000003,8.268,8.343,8.462
2021-12-14,7.94,8.152,8.417,7.992,8.136,8.237,7.396,8.13814,8.221080000000006,8.218,8.305,8.283,8.05,8.158610000000003,8.105,8.173,8.271
2021-12-15,7.715,8.053,8.438,7.449,7.727,7.944,7.158,7.87427,7.94363,7.874,8.135,8.112,7.823,7.904429999999999,7.802,7.885,8.112
2021-12-16,7.575,7.721,8.196,7.411,7.506,7.59,6.771,7.747730000000005,7.8523400000000105,7.722,8.037,8.079,7.696,7.816309999999999,7.68,7.638,7.663
2021-12-17,7.508,7.504,7.783,7.546,7.686,7.829,7.029,7.803220000000002,7.889150000000004,7.815,7.993,8.046,7.843,7.9191299999999964,7.834,7.838,7.808
2021-12-18,7.42,7.57,7.9,7.557,7.947,8.027,7.229,7.738259999999998,7.816520000000005,7.682,7.95,7.996,7.773,7.9138899999999985,7.88,8.031,8.183
2021-12-19,6.986,7.197,7.938,7.351,7.446,7.477,6.692,7.094689999999995,7.206689999999998,7.154,7.388,7.467,7.512,7.649400000000001,7.534,7.613,7.788
2021-12-20,6.948,7.148,7.683,6.842,7.007,7.13,6.312,6.865779999999996,7.102759999999998,7.054,7.412,7.538,7.284,7.19158,7.293,7.28,7.292
2021-12-21,6.884,7.001,7.413,6.936,7.092,7.277,6.483,7.118879999999998,7.396579999999999,7.43,7.631,7.671,7.109,7.096120000000004,7.049,7.025,7.058
2021-12-22,6.686,6.684,7.058,7.243,7.521,7.661,6.837,7.090969999999999,7.224189999999998,7.308,7.458,7.471,7.259,7.223020000000002,7.246,7.302,7.383
2021-12-23,6.607,6.671,7.05,7.112,7.201,7.253,6.462,7.0838499999999955,7.103519999999999,7.059,7.226,7.258,7.432,7.2570500000000004,7.416,7.477,7.596
2021-12-24,6.229,6.487,7.142,6.127,6.343,6.862,6.183,6.652229999999998,6.855239999999997,6.85,7.206,7.271,7.245,7.101300000000004,7.218,7.271,7.388
2021-12-25,5.951,6.175,6.846,5.825,6.309,7.033,6.321,6.537919999999999,6.7828599999999994,6.67,7.193,7.283,7.151,6.987360000000003,7.175,7.241,7.375
2021-12-26,5.928,6.311,7.125,6.58,6.839,6.885,6.087,6.694680000000002,6.820249999999998,6.403,6.705,6.825,6.772,6.940240000000004,6.873,6.985,7.179
2021-12-27,5.925,6.127,7.312,6.028,6.377,6.484,5.679,6.264480000000001,6.470909999999999,6.601,7.238,7.288,6.645,6.752360000000003,6.761,6.909,7.112
2021-12-28,5.946,6.242,7.021,5.882,6.07,6.167,5.358,6.156130000000001,6.385839999999995,6.562,7.331,7.354,6.52,6.638530000000002,6.544,6.45,6.446
2021-12-29,5.996,6.066,6.663,5.794,5.999,6.169,5.375,6.1866600000000025,6.27769,6.158,6.55,6.783,6.378,6.365390000000002,6.382,6.363,6.3
2021-12-30,5.817,5.959,6.3,5.924,6.106,6.151,5.317,6.026710000000004,6.044890000000005,5.956,6.364,6.496,6.382,6.372890000000001,6.379,6.464,6.592
2021-12-31,5.967,5.961,6.262,6.062,6.192,6.184,5.342,6.165220000000002,6.214520000000004,6.133,6.26,6.321,6.276,6.278120000000005,6.291,6.292,6.333
2022-01-01,6.006,5.981,6.329,6.018,6.139,6.144,5.304,6.234370000000005,6.290480000000001,6.213,6.325,6.329,6.14,6.175800000000005,6.184,6.265,6.417
2022-01-02,6.044,6.042,6.3,5.986,6.072,6.047,5.2,6.254150000000003,6.29581,6.185,6.256,6.275,5.986,6.10439,5.964,5.993,6.071
2022-01-03,5.974,5.973,6.225,5.978,6.11,6.104,5.279,6.182140000000003,6.2199800000000005,6.052,6.211,6.204,6.015,6.1148900000000035,6.063,6.164,6.333
2022-01-04,5.548,5.548,5.812,5.563,5.664,5.645,4.829,5.62633,5.52602,5.556,5.767,5.842,5.572,5.6852599999999995,5.58,5.656,5.862
2022-01-05,5.255,5.253,5.492,5.238,5.411,5.467,4.621,5.30429,5.482009999999999,5.601,5.755,5.788,5.351,5.515130000000004,5.328,5.378,5.529
2022-01-06,5.343,5.319,5.538,5.469,5.588,5.624,4.771,5.499480000000001,5.47692,5.567,5.68,5.717,5.386,5.627230000000001,5.329,5.359,5.462
2022-01-07,5.28,5.34,5.587,5.808,5.994,6.038,5.217,5.811930000000001,5.562160000000002,5.501,5.687,5.708,5.588,5.7200799999999985,5.638,5.754,5.958
2022-01-08,4.963,5.01,5.421,5.238,5.352,5.417,4.612,5.235169999999998,5.291000000000001,5.382,5.585,5.65,5.619,5.530430000000004,5.648,5.718,5.879
2022-01-09,4.723,4.852,5.329,5.105,5.343,5.405,4.562,4.969810000000001,5.104400000000004,5.365,5.53,5.596,5.453,5.446990000000004,5.501,5.577,5.75
2022-01-10,4.67,4.714,5.162,5.208,5.374,5.569,4.758,4.991859999999999,5.133040000000001,5.318,5.517,5.579,5.386,5.445300000000003,5.424,5.516,5.683
2022-01-11,4.358,4.852,6.242,4.768,5.272,5.497,4.762,4.813109999999997,4.9547099999999995,4.665,5.201,5.733,5.172,5.319780000000001,5.287,5.403,5.629
2022-01-12,4.487,4.762,6.012,4.499,4.772,4.774,3.904,4.678870000000002,4.867239999999996,5.047,5.793,5.925,4.877,5.07825,4.99,5.074,5.262
2022-01-13,4.322,4.376,4.712,4.468,4.759,5.237,4.575,4.731420000000002,5.107029999999996,5.522,5.909,6.012,4.791,4.975139999999999,4.847,4.99,5.238
2022-01-14,4.365,4.458,4.871,4.897,5.067,5.137,4.35,4.785949999999996,4.9394800000000005,4.845,5.065,5.146,4.982,5.111520000000004,5.008,5.174,5.492
2022-01-15,4.075,4.125,4.521,4.24,4.352,4.349,3.512,4.279999999999998,4.331389999999999,4.302,4.632,4.738,4.969,5.029620000000001,4.946,5.001,5.175
2022-01-16,3.198,3.416,4.171,3.199,3.486,3.764,2.983,3.559389999999998,3.7332499999999995,4.259,4.636,4.8,4.636,4.616250000000002,4.661,4.726,4.904
2022-01-17,3.379,3.696,4.3,3.953,4.296,4.333,3.512,4.085390000000002,4.123799999999998,3.617,3.907,4.104,4.291,4.45893,4.333,4.396,4.562
2022-01-18,3.635,3.694,3.992,3.577,3.766,3.865,3.025,3.715800000000002,3.7391699999999974,3.704,3.902,3.967,4.206,4.296499999999998,4.228,4.295,4.496
2022-01-19,3.339,3.703,4.45,3.353,3.941,4.225,3.417,4.052610000000005,4.127169999999998,3.827,4.194,4.271,4.066,4.3386499999999995,4.186,4.262,4.454
2022-01-20,3.342,3.506,3.992,3.96,4.262,4.365,3.521,4.077840000000004,4.118459999999998,4.183,4.321,4.367,4.025,4.3758300000000006,4.155,4.246,4.433
2022-01-21,3.249,3.462,4.304,3.828,4.228,4.303,3.479,4.047680000000003,4.108059999999997,3.757,4.066,4.192,3.985,4.298599999999999,4.079,4.176,4.362
2022-01-22,2.864,3.03,3.904,3.082,3.281,3.385,2.604,2.8603900000000007,3.041490000000002,2.811,3.334,3.918,3.611,3.851630000000002,3.646,3.655,3.871
2022-01-23,3.086,3.217,3.646,2.772,2.962,3.036,2.212,2.9947100000000018,3.194879999999999,3.177,3.718,3.887,3.413,3.5344100000000016,3.29,3.275,3.408
2022-01-24,3.124,3.251,3.596,3.034,3.357,3.471,2.621,3.208980000000001,3.3783200000000035,3.479,3.657,3.704,3.403,3.612900000000002,3.59,3.723,3.958
2022-01-25,2.994,3.13,3.596,3.026,3.214,3.236,2.417,3.0615600000000005,3.261220000000001,3.415,3.588,3.633,3.437,3.5880100000000033,3.425,3.544,3.883
2022-01-26,2.987,3.144,3.512,2.995,3.337,3.563,2.729,3.094500000000001,3.2764599999999997,3.337,3.643,3.712,3.302,3.505120000000003,3.462,3.598,3.817
2022-01-27,2.751,2.855,3.392,2.546,2.875,3.218,2.454,2.99661,3.2559800000000014,3.388,3.739,3.746,3.197,3.4579500000000025,3.318,3.447,3.708
2022-01-28,2.663,2.758,3.146,2.593,2.898,3.18,2.342,3.044559999999998,3.26175,3.528,3.671,3.704,2.899,3.0358900000000006,2.928,3.02,3.25
2022-01-29,2.406,2.428,2.712,2.936,3.122,3.227,2.433,2.6579700000000015,2.9094000000000024,3.07,3.233,3.296,3.074,3.329320000000002,3.091,3.213,3.458
2022-01-30,2.238,2.293,2.604,2.696,2.832,2.806,1.929,2.50638,2.612799999999999,2.656,2.821,2.863,2.963,3.1399200000000014,2.968,3.046,3.233
2022-01-31,1.854,2.106,2.662,2.315,2.71,2.863,2.008,2.46294,2.5622000000000003,2.688,2.925,2.979,2.675,2.837570000000001,2.846,2.982,3.225
2022-02-01,1.693,2.17,3.042,2.439,2.717,2.687,1.8,2.193590000000001,2.466210000000001,2.169,2.569,2.85,2.79,2.9438100000000005,2.822,2.922,3.137
2022-02-02,2.159,2.284,2.904,2.199,2.345,2.289,1.4,2.144220000000001,2.4073100000000007,2.099,2.41,2.613,2.773,2.921540000000001,2.79,2.872,3.079
2022-02-03,2.37,2.427,2.708,2.384,2.564,2.547,1.654,2.17818,2.45546,2.483,2.77,2.863,2.939,3.127250000000002,2.969,3.046,3.246
2022-02-04,2.494,2.533,2.787,2.884,3.072,3.053,2.175,2.6734600000000013,2.821720000000003,2.625,2.726,2.771,3.2,3.4396000000000013,3.235,3.298,3.458
2022-02-05,2.644,2.632,2.879,3.153,3.3,3.364,2.517,2.726430000000001,2.888070000000003,2.67,2.792,2.838,3.228,3.4874900000000024,3.363,3.458,3.679
2022-02-06,2.071,2.399,3.075,2.583,2.785,2.853,2.025,2.5028,2.5988499999999988,2.524,2.935,3.025,3.076,3.352680000000002,3.107,3.267,3.546
2022-02-07,2.061,2.363,3.108,2.452,2.644,2.723,1.85,2.265900000000001,2.5038800000000005,2.573,2.877,3.017,2.727,2.9002600000000003,2.754,2.85,3.162
2022-02-08,2.053,2.22,3.079,2.66,2.817,2.814,1.95,2.1995500000000003,2.49406,2.429,2.725,2.796,2.802,2.9471099999999995,2.767,2.827,3.033
2022-02-09,2.57,2.641,2.975,2.827,2.965,2.879,2.025,2.687030000000001,2.8112300000000014,2.655,2.777,2.812,2.941,3.0965400000000005,2.94,3.007,3.192
2022-02-10,2.649,2.683,2.988,2.923,3.046,2.965,2.1,2.7190200000000004,2.8880000000000026,2.746,2.862,2.9,2.967,3.176609999999999,3.026,3.131,3.304
2022-02-11,2.713,2.668,2.938,2.95,3.048,2.962,2.1,2.7295900000000004,2.8931700000000022,2.766,2.89,2.946,3.091,3.2807400000000024,3.047,3.107,3.3
2022-02-12,2.842,2.713,3.05,3.069,3.132,3.04,2.158,2.8013500000000016,2.916550000000002,2.775,2.872,2.95,3.223,3.3713500000000027,3.114,3.157,3.317
2022-02-13,2.934,2.852,3.137,3.331,3.394,3.291,2.421,2.9797700000000003,3.05946,2.775,2.868,2.988,3.307,3.494220000000002,3.289,3.341,3.517
2022-02-14,2.555,2.751,3.158,2.92,3.117,3.272,2.442,2.712820000000002,2.900480000000003,2.718,2.894,2.938,3.086,3.413610000000002,3.157,3.298,3.575
2022-02-15,2.34,2.495,3.183,2.239,2.564,2.825,2.029,2.44845,2.5686399999999985,2.717,2.959,3.004,2.679,2.835330000000001,2.775,2.977,3.296
2022-02-16,2.212,2.489,3.083,2.186,2.597,2.796,1.946,2.4341799999999996,2.6032399999999982,2.77,2.958,3.004,2.431,2.588890000000001,2.543,2.663,2.912
2022-02-17,2.254,2.295,2.579,2.417,2.6,2.739,1.867,2.44007,2.59057,2.706,2.846,2.887,2.439,2.590220000000001,2.42,2.502,2.729
2022-02-18,2.724,2.748,2.95,3.276,3.43,3.54,2.679,3.151089999999998,3.2729399999999997,3.058,3.189,3.238,2.86,3.0567699999999975,2.925,3.047,3.338
2022-02-19,3.302,3.485,3.9,3.972,4.366,4.633,4.133,4.2467099999999975,4.210049999999999,3.568,3.954,4.042,3.701,4.176670000000001,4.404,4.767,4.725
2022-02-20,3.38,3.733,4.296,3.706,4.015,4.25,3.438,4.091220000000003,4.175649999999996,3.901,4.423,4.533,4.163,4.474049999999998,4.572,4.816,5.0
2022-02-21,3.62,3.777,4.354,4.01,4.144,4.097,3.967,4.288759999999994,4.338229999999998,4.571,4.841,4.875,4.188,4.466430000000002,4.361,4.424,4.708
2022-02-22,3.789,4.11,4.953,4.694,5.0,5.184350000000003,4.752,4.743039999999998,4.892659999999998,4.252,4.528,4.507,4.804,4.974120000000002,4.976,4.997,5.17111
2022-02-23,4.332,4.4,4.75,4.864,4.92,4.902,4.146,4.646170000000002,4.802659999999996,4.446,4.558,4.587,5.014,5.132730000000005,5.019,5.015,5.179970000000002
2022-02-24,4.323,4.526,4.738,4.838,5.087009999999999,5.3282000000000025,4.825,4.788549999999998,4.931139999999997,4.615,4.825,4.883,4.95,5.094660000000004,5.037,4.999159999999999,5.181139999999999
2022-02-25,3.918,4.261,4.457439999999998,4.417,4.505,4.481,4.35,4.367059999999998,4.4719500000000005,3.966,4.369,4.47,4.734,4.840590000000001,4.617,4.741,4.904020000000001
2022-02-26,3.758,3.906,4.78,3.456,3.662,3.754,2.946,3.6773700000000025,3.726899999999997,3.538,3.811,3.917,4.115,4.308,4.207,4.515,4.814
2022-02-27,3.574,3.636,4.404,3.571,3.818,3.85,2.983,3.7137800000000016,3.7409599999999976,3.867,4.069,4.121,4.053,4.2454399999999985,4.14,4.21,4.346
2022-02-28,3.343,3.471,3.967,3.458,3.695,3.793,2.946,3.5923899999999986,3.6982899999999983,3.637,3.84,3.917,4.063,4.224779999999998,4.081,4.168,4.362
2022-03-01,3.081,3.388,4.1,3.331,3.591,3.746,2.921,3.5031499999999975,3.6130799999999987,3.55,3.751,3.792,3.939,4.115139999999997,3.945,4.005,4.179
2022-03-02,3.405,3.434,3.758,3.385,3.554,3.569,2.721,3.602529999999998,3.663209999999998,3.549,3.676,3.729,3.725,3.925129999999998,3.692,3.731,3.896
2022-03-03,3.257,3.344,3.679,3.594,3.775,3.769,2.917,3.6147999999999985,3.6366199999999993,3.495,3.685,3.738,3.785,4.029199999999998,3.789,3.86,4.037
2022-03-04,2.909,2.996,3.517,3.162,3.359,3.371,2.525,3.059039999999998,3.242330000000002,3.223,3.533,3.671,3.662,3.8547400000000005,3.66,3.716,3.904
2022-03-05,3.015,3.247,3.688,3.097,3.308,3.367,2.517,3.0785700000000005,3.265850000000001,3.495,3.704,3.733,3.613,3.8381799999999995,3.603,3.652,3.804
2022-03-06,3.106,3.25,3.554,3.328,3.531,3.526,2.675,3.2443400000000002,3.430850000000001,3.554,3.642,3.692,3.54,3.770220000000001,3.519,3.559,3.733
2022-03-07,3.305,3.289,3.471,3.707,3.855,3.898,3.038,3.618989999999999,3.657009999999999,3.548,3.616,3.625,3.53,3.8366999999999987,3.502,3.575,3.738
2022-03-08,3.609,3.582,3.671,4.068,4.163,4.071,3.213,3.71953,3.7253899999999978,3.622,3.686,3.675,3.87,4.1106399999999965,3.853,3.902,4.075
2022-03-09,3.582,3.668,4.108,4.055,4.286,4.445,3.608,4.078250000000001,4.082199999999999,3.624,3.848,3.962,3.868,4.176239999999999,4.003,4.138,4.404
2022-03-10,3.504,3.687,4.246,4.081,4.278,4.308,3.496,4.072160000000002,4.092469999999999,3.618,3.829,3.962,4.068,4.335459999999999,4.129,4.208,4.425
2022-03-11,3.686,3.747,4.146,4.051,4.187,4.142,3.304,3.8656,3.930910000000001,3.775,4.059,4.162,4.154,4.359279999999999,4.17,4.213,4.4
2022-03-12,4.041,3.887,4.096,4.193,4.262,4.163,3.3,4.047570000000004,4.1098099999999995,3.707,3.874,3.938,4.242,4.42422,4.207,4.245,4.404
2022-03-13,4.061,4.059,4.229,4.422,4.546,4.488,3.617,4.122460000000001,4.144999999999997,4.051,4.183,4.208,4.262,4.450000000000001,4.249,4.307,4.475
2022-03-14,4.024,4.251,4.688,4.518,4.783,4.887,4.058,4.56476,4.705729999999996,4.317,4.472,4.5,4.132,4.519710000000002,4.343,4.594,4.912
2022-03-15,4.048,4.248,4.725,4.586,4.769,4.771,3.938,4.5677200000000004,4.676809999999994,4.377,4.504,4.533,4.418,4.720470000000001,4.626,4.79,4.992
2022-03-16,4.176,4.31,4.754,4.636,4.743,4.66,3.804,4.46927,4.503769999999998,4.38,4.488,4.525,4.687,4.836630000000003,4.653,4.706,4.888
2022-03-17,4.221,4.268,4.575,4.57,4.644,4.53,3.696,4.356039999999999,4.387579999999998,4.323,4.459,4.5,4.582,4.759110000000003,4.551,4.607,4.8
2022-03-18,4.308,4.327,4.6,4.701,4.696,4.504,3.642,4.356860000000001,4.413389999999998,4.352,4.449,4.488,4.684,4.797830000000003,4.535,4.57,4.742
2022-03-19,4.586,4.452,4.608,4.919,4.914,4.708,3.812,4.721180000000003,4.751649999999995,4.493,4.504,4.5,4.849,4.952360000000002,4.714,4.705,4.812
2022-03-20,4.55,4.516,4.646,5.004,4.996,4.721,3.867,4.754849999999999,4.794029999999995,4.437,4.426,4.421,4.901,5.045130000000003,4.741,4.732,4.879
2022-03-21,4.684,4.593,4.692,4.756,4.707,4.379,3.488,4.411440000000003,4.4302899999999985,4.286,4.3,4.3,4.781,4.83295,4.452,4.417,4.538
2022-03-22,4.278,4.224,4.296,4.559,4.597,4.349,3.471,4.183070000000001,4.2256399999999985,4.174,4.178,4.192,4.36,4.594760000000002,4.302,4.314,4.458
2022-03-23,3.993,3.933,4.004,4.243,4.248,4.129,3.283,3.87526,3.90533,3.948,3.985,3.992,4.173,4.328599999999998,4.115,4.157,4.325
2022-03-24,4.105,3.993,4.1,4.262,4.334,4.216,3.371,4.0900500000000015,4.111849999999999,4.089,4.067,4.05,4.231,4.42542,4.225,4.262,4.371
2022-03-25,4.067,4.08,4.212,4.283,4.378,4.266,3.4,4.097930000000002,4.117459999999998,4.032,4.089,4.1,4.24,4.433080000000001,4.2,4.241,4.408
2022-03-26,4.178,4.129,4.279,4.313,4.322,4.169,3.312,4.097719999999999,4.14677,3.947,3.99,4.0,4.366,4.560220000000001,4.168,4.184,4.325
2022-03-27,4.564,4.248,4.304,4.345,4.341,4.164,3.312,4.194850000000001,4.209010000000001,3.889,3.976,4.0,4.489,4.612580000000003,4.207,4.206,4.354
2022-03-28,4.741,4.341,4.383,4.403,4.343,4.102,3.229,4.17767,4.22486,3.851,3.928,3.958,4.408,4.5447500000000005,4.107,4.102,4.242
2022-03-29,4.219,4.105,4.3,4.206,4.12,3.917,3.046,3.872020000000001,3.893990000000001,3.826,3.843,3.854,4.179,4.275489999999998,4.012,3.947,4.058
2022-03-30,3.917,3.842,4.021,3.797,3.906,3.826,2.962,3.8515300000000043,3.8987499999999993,3.646,3.684,3.7,3.817,4.054449999999997,3.788,3.845,4.012
2022-03-31,3.856,3.805,3.996,3.827,3.917,3.805,2.925,3.843550000000005,3.8986799999999993,3.64,3.698,3.7,3.844,4.050909999999997,3.819,3.883,4.083
2022-04-01,4.064,4.051,4.1,4.043,4.1,3.898,3.025,3.857540000000003,3.8981699999999995,3.68,3.715,3.704,3.926,4.158239999999997,3.876,3.915,4.075
2022-04-02,4.183,4.028,4.083,4.351,4.287,3.971,3.075,4.049400000000001,4.0943,3.8,3.783,3.771,4.064,4.29382,4.011,4.046,4.196
2022-04-03,3.903,3.821,4.0,4.17,4.213,4.109,3.267,4.0390400000000035,4.093769999999998,3.807,3.867,3.887,4.22,4.364819999999999,4.111,4.171,4.325
2022-04-04,4.187,4.089,4.079,4.262,4.258,4.138,3.275,4.050660000000001,4.089579999999999,3.906,3.91,3.908,3.975,4.2811699999999995,3.981,4.054,4.258
2022-04-05,3.892,3.917,4.1,4.187,4.196,4.055,3.2,3.8637500000000022,3.90258,3.872,3.934,3.954,3.975,4.231639999999998,3.899,3.912,4.058
2022-04-06,4.175,4.035,4.154,4.188,4.211,4.078,3.208,4.044170000000001,4.099639999999999,3.898,3.963,4.0,4.216,4.3408299999999995,4.061,4.057,4.221
2022-04-07,4.582,4.274,4.2,4.51,4.541,4.341,3.467,4.189650000000001,4.226239999999999,4.167,4.023,4.025,4.451,4.607180000000002,4.296,4.289,4.408
2022-04-08,4.635,4.607,4.467,4.724,4.821,4.712,3.867,4.716290000000001,4.756789999999998,4.486,4.361,4.312,4.596,4.74328,4.543,4.561,4.662
2022-04-09,4.615,4.607,4.8,4.827,4.852,4.623,3.762,4.607840000000002,4.5434199999999985,4.361,4.351,4.362,4.7,4.780820000000002,4.563,4.552,4.688
2022-04-10,4.741,4.667,4.8,4.935,4.77,4.492,3.604,4.589260000000001,4.530319999999998,4.346,4.362,4.396,4.773,4.859390000000001,4.534,4.471,4.596
2022-04-11,4.916,4.664,4.725,4.964,4.745,4.422,3.512,4.618169999999999,4.516429999999998,4.366,4.327,4.321,5.023,5.012240000000003,4.609,4.448,4.55
2022-04-12,4.873,4.717,4.612,5.373,5.228,4.76,3.846,4.997910000000001,4.921189999999997,4.208,4.26,4.292,5.081,5.175320000000002,4.851,4.617,4.65
2022-04-13,5.129,4.933,4.821,5.101,4.895,4.582,3.7,4.7461899999999995,4.594499999999998,4.3,4.286,4.3,4.928,4.963940000000003,4.457,4.404,4.554
2022-04-14,5.378,5.095,4.983,5.047,5.006,4.766,3.871,4.920510000000001,4.8848099999999945,4.505,4.47,4.421,4.84,4.900830000000002,4.585,4.565,4.667
2022-04-15,5.056,5.003,5.133,5.177,5.24,5.084,4.217,4.969739999999999,5.055009999999998,4.927,4.89,4.862,4.969,5.136120000000005,4.916,4.949,5.092
2022-04-16,5.118,5.049,5.1,5.189,5.14,4.823,3.938,4.9552,4.952009999999997,4.576,4.501,4.462,4.984,5.117420000000005,4.802,4.758,4.821
2022-04-17,5.554,5.498,5.408,5.324,5.172,4.767,3.879,4.992439999999998,5.006779999999999,4.516,4.469,4.4,5.038,5.104010000000003,4.663,4.625,4.771
2022-04-18,5.658,5.135,5.087,5.222,4.898,4.5,3.617,4.864870000000002,4.701639999999999,4.667,4.34,4.238,4.99,5.011020000000003,4.504,4.423,4.55
2022-04-19,5.218,5.109,5.083,5.039,5.079,4.916,4.029,4.93757,5.014529999999997,5.02,4.905,4.808,4.862,4.979470000000001,4.684,4.687,4.804
2022-04-20,5.384,5.355,5.367,5.486,5.498,5.213,4.337,5.193729999999999,5.2461100000000025,4.749,4.695,4.663,4.988,5.252100000000002,4.916,4.93,5.054
2022-04-21,5.758,5.308,4.683,5.207,4.962,4.573,3.7,4.8909899999999995,4.7294199999999975,4.796,4.415,4.329,5.049,5.125930000000004,4.745,4.712,4.829
2022-04-22,6.216,5.936,5.004,5.554,5.048,4.539,3.654,4.981889999999999,4.825139999999998,4.561,4.389,4.342,5.061,5.153350000000002,4.76,4.669,4.762
2022-04-23,5.378,4.827,4.646,5.103,4.821,4.461,3.546,4.743669999999999,4.629759999999999,4.656,4.218,4.1,5.239,5.222460000000001,4.428,4.355,4.475
2022-04-24,5.044,4.886,4.413,5.865,5.783,5.047,4.079,5.592219999999995,5.191159999999999,4.874,4.145,4.067,4.931,5.138290000000001,4.548,4.448,4.542
2022-04-25,4.853,4.81,4.638,6.196,6.187,5.787,4.829,6.193249999999998,5.9925400000000035,5.463,5.006,4.219,5.355,5.600180000000002,5.109,4.934,4.879
2022-04-26,5.107,5.004,4.679,5.889,5.697,5.347,4.462,5.688159999999999,5.333510000000001,4.871,4.472,4.371,5.742,5.791350000000001,5.571,5.589,5.667
2022-04-27,5.647,5.335,5.146,5.707,5.533,5.128,4.233,5.417840000000001,5.213230000000001,4.652,4.409,4.367,5.707,5.715539999999999,5.29,5.134,5.188
2022-04-28,5.851,5.664,5.542,5.662,5.299,4.764,3.887,5.065369999999998,5.01057,4.604,4.54,4.508,5.303,5.33838,4.635,4.518,4.654
2022-04-29,5.544,5.16,5.021,5.302,5.017,4.489,3.6,4.95637,4.772369999999998,4.849,4.475,4.342,4.88,4.977490000000004,4.595,4.483,4.538
2022-04-30,5.208,5.128,4.75,5.287,5.319,5.144,4.238,5.016229999999998,5.1497199999999985,5.381,4.974,4.471,4.78,4.942060000000001,4.68,4.659,4.675
2022-05-01,5.245,5.175,4.779,5.518,5.538,5.335,4.471,5.355529999999998,5.28028,5.449,5.183,4.742,5.044,5.271770000000003,4.843,4.771,4.917
2022-05-02,5.548,5.38,4.804,5.696,5.68,5.463,4.587,5.6225,5.411449999999999,5.434,5.125,4.904,5.24,5.547920000000002,5.154,5.074,5.262
2022-05-03,5.944,5.913,5.712,5.833,5.735,5.425,4.546,5.678280000000001,5.4355100000000025,5.352,5.144,5.046,5.451,5.661300000000001,5.206,5.087,5.1
2022-05-04,6.148,6.116,6.167,5.998,5.96,5.761,4.896,6.35351,6.3101499999999975,5.613,5.524,5.45,5.561,5.72846,5.41,5.418,5.508
2022-05-05,6.313,6.184,6.383,6.284,6.266,6.055,5.171,6.366729999999999,6.41019,6.096,6.059,5.992,5.68,5.883040000000001,5.522,5.534,5.671
2022-05-06,6.808,6.547,6.333,6.794,6.718,6.393,5.517,6.723499999999998,6.5778500000000015,6.28,6.015,5.983,5.917,6.14832,5.612,5.462,5.521
2022-05-07,7.068,6.911,6.562,7.125,6.894,6.482,5.575,6.910129999999994,6.641429999999999,6.368,6.116,6.071,6.128,6.235250000000001,5.897,5.753,5.696
2022-05-08,6.944,6.842,6.529,7.029,7.093,6.923,6.075,6.962479999999997,6.851,6.709,6.742,6.733,6.376,6.49739,6.311,6.31,6.325
2022-05-09,6.627,6.629,6.708,6.725,6.805,6.662,5.817,6.69551,6.66413,6.796,6.842,6.825,6.383,6.481509999999997,6.361,6.411,6.529
2022-05-10,6.555,6.554,6.692,6.617,6.709,6.589,5.733,6.543210000000001,6.577779999999999,6.604,6.651,6.642,6.4,6.4774899999999995,6.358,6.396,6.521
2022-05-11,6.754,6.753,6.837,6.816,6.895,6.738,5.896,6.780789999999997,6.694939999999998,6.72,6.667,6.529,6.442,6.564700000000001,6.393,6.424,6.525
2022-05-12,7.026,6.947,7.0,6.809,6.761,6.466,5.617,6.674139999999998,6.595219999999997,6.645,6.217,6.0,6.523,6.632290000000004,6.252,6.139,6.142
2022-05-13,7.61,7.248,7.075,6.691,6.347,5.974,5.079,6.44488,6.454469999999997,6.017,5.804,5.725,6.465,6.539600000000004,5.565,5.47,5.6
2022-05-14,8.12,7.60416,7.4,6.75547,6.2033499999999995,5.514,4.7,6.485579999999998,6.518709999999998,5.949,5.975,5.9,6.484,6.548710000000004,5.462,5.411,5.5
